"liste_gene_cible_par_individu","code_station","lat_deg_dec","long_deg_dec","code_lot_materiel","taxname_lot","code_ind_tri_morpho","code_ind_biomol","taxname_sqc_ass"
"COI;28S;16S;COI;AM4","102K","43.75","39.81","PROASELLUS_SP|102K_201107","PROASELLUS_SP","PROASELLUS_SP|102K_201107[1]Psp102K1","Pnsp12bK|102K_201107_1ID","PROASELLUS_N_SP_12BK"
"28S;COI;COI;COI;AM4;16S;16S;28S;28S;28S","140K","43.61","39.93","PROASELLUS_SP|140K_201107","PROASELLUS_SP","PROASELLUS_SP|140K_201107[B]Psp140K1","Psp140K|140K_201107_1","PROASELLUS_SP_140K"
"16S;28S;AM4;COI","ABOIM","41.91711","-8.44715","BRAGASELLUS_FRONTELLUM|ABOIM_201010","BRAGASELLUS_FRONTELLUM","BRAGASELLUS_FRONTELLUM|ABOIM_201010[B]BFA2","Bfrontellum|ABOIM_201010_2","BRAGASELLUS_FRONTELLUM"
"16S;AM4;AM4;COI;COI;28S;28S;16S","ABOIM","41.91711","-8.44715","SYNASELLUS_N_SP_ABOIM2|ABOIM_201010","SYNASELLUS_N_SP_ABOIM2","SYNASELLUS_N_SP_ABOIM2|ABOIM_201010[A]SyspA3","SYnspAboim2|ABOIM_201010_3","SYNASELLUS_N_SP_ABOIM2"
"28S;COI;16S;AM4;OPS2","ABOIM","41.91711","-8.44715","BRAGASELLUS_FRONTELLUM|ABOIM_201010","BRAGASELLUS_FRONTELLUM","BRAGASELLUS_FRONTELLUM|ABOIM_201010[1]BFA1","Bfrontellum|ABOIM_201010_1ID","BRAGASELLUS_FRONTELLUM"
"AM4;28S;16S;COI;AM4","ABOIM","41.91711","-8.44715","SYNASELLUS_N_SP_ABOIM1|ABOIM_201010","SYNASELLUS_N_SP_ABOIM1","SYNASELLUS_N_SP_ABOIM1|ABOIM_201010[1]SyspA1","SYnspAboim1|ABOIM_201010_1ID","SYNASELLUS_N_SP_ABOIM1"
"28S;AM4;AM4;16S;COI","ACSASSAR","40.717907","8.605229","STENASELLUS_SP|ACSASSAR_200905","STENASELLUS_SP","STENASELLUS_SP|ACSASSAR_200905[B1]SspA1","Ssp|ACSASSAR_200905_1","STENASELLUS_N_SP_ACSASSAR"
"16S;COI;28S;AM4;28S;16S;AM4","ALBENTOS","40.12242","-0.76379","BRAGASELLUS_LAGARI|ALBENTOS_200910","BRAGASELLUS_LAGARI","BRAGASELLUS_LAGARI|ALBENTOS_200910[3]BLaA1","Blagari|ALBENTOS_200910_1ID","BRAGASELLUS_LAGARI"
"AM4;AM4;16S;16S;COI;28S","ALBENTOS","40.12242","-0.76379","STENASELLUS_VIREI_ROUCHI|ALBENTOS_200910","STENASELLUS_VIREI_ROUCHI","STENASELLUS_VIREI_ROUCHI|ALBENTOS_200910[1v]SVRA1","Svireirouchi|ALBENTOS_200910_1ID","STENASELLUS_VIREI_ROUCHI"
"OPS1;COI;AM4;28S;16S;OPS2","ALBENTOS","40.12242","-0.76379","PROASELLUS_MARGALEFI|ALBENTOS_200910","PROASELLUS_MARGALEFI","PROASELLUS_MARGALEFI|ALBENTOS_200910[Bv]PMaA2","Pmargalefi|ALBENTOS_200910_2","PROASELLUS_MARGALEFI"
"28S;AM4;AM4;16S;28S;16S;COI;COI","ALBIA","42.9822","-3.10021","STENASELLUS_VIREI_NOBREI|ALBIA_200807","STENASELLUS_VIREI_NOBREI","STENASELLUS_VIREI_NOBREI|ALBIA_200807[INCONNU]BspA1","Svireinobrei|ALBIA_200807_1","STENASELLUS_VIREI_NOBREI"
"AM4;COI;28S;16S","ALCAZAR","37.17591","-3.16663","PROASELLUS_ESPANOLI|ALCAZAR_200910","PROASELLUS_ESPANOLI","PROASELLUS_ESPANOLI|ALCAZAR_200910[Bv]PEsA2","Pespanoli|ALCAZAR_200910_2","PROASELLUS_ESPANOLI"
"COI;OPS1;OPS2;OPS2;16S;28S;AM4","ALCAZAR","37.17591","-3.16663","PROASELLUS_ESPANOLI|ALCAZAR_200910","PROASELLUS_ESPANOLI","PROASELLUS_ESPANOLI|ALCAZAR_200910[1v]PEsA1","Pespanoli|ALCAZAR_200910_1ID","PROASELLUS_ESPANOLI"
"COI;28S;28S;AM4;16S","ALLI","42.98775","-1.89284","STENASELLUS_BREUILI|ALLI_200906","STENASELLUS_BREUILI","STENASELLUS_BREUILI|ALLI_200906[B.]SBrA3","Sbreuili|ALLI_200906_3","STENASELLUS_BREUILI"
"28S;AM4;AM4;16S;COI","ALTURA","39.83925","-0.50857","STENASELLUS_VIREI_ROUCHI|ALTURA_200910","STENASELLUS_VIREI_ROUCHI","STENASELLUS_VIREI_ROUCHI|ALTURA_200910[1v]SVRAl1","Svireirouchi|ALTURA_200910_1ID","STENASELLUS_VIREI_ROUCHI"
"16S;AM4;COI;COI;28S","ALVIELA","39.44561","-8.71215","PROASELLUS_LUSITANICUS|ALVIELA_200708","PROASELLUS_LUSITANICUS","PROASELLUS_LUSITANICUS|ALVIELA_200708[1]PLuA1","Plusitanicus|ALVIELA_200708_1ID","PROASELLUS_LUSITANICUS"
"16S;COI;28S;AM4;AM4","AMAVRISP","34.85","32.87","PROASELLUS_COXALIS_NANUS|AMAVRISP_201603","PROASELLUS_COXALIS_NANUS","PROASELLUS_COXALIS_NANUS|AMAVRISP_201603[A3]PCoAm3","Pcoxalis_nanus|AMAVRISP_201603_3","PROASELLUS_COXALIS_NANUS"
"AM4;28S;16S;COI","ANDILLE2","46.480639","0.333479","GALLASELLUS_HEILYI|ANDILLE2_201209","GALLASELLUS_HEILYI","GALLASELLUS_HEILYI|ANDILLE2_201209[1]GH2A1","Gheyli|ANDILLE2_201209_1ID","GALLASELLUS_HEILYI"
"28S;16S;OPS2;AM4;COI;OPS2","ANNA","44.31344","7.6789","CHTHONASELLUS_BODONI|ANNA_200904","CHTHONASELLUS_BODONI","CHTHONASELLUS_BODONI|ANNA_200904[2]ChBA2","Cbodoni|ANNA_200904_2ID","CHTHONASELLUS_BODONI"
"16S;AM4;COI;28S","ANNA","44.31344","7.6789","CHTHONASELLUS_BODONI|ANNA_200904","CHTHONASELLUS_BODONI","CHTHONASELLUS_BODONI|ANNA_200904[1]ChBA1","Cbodoni|ANNA_200904_1ID","CHTHONASELLUS_BODONI"
"16S;COI;28S;AM4;AM4","APHRODSP","34.76","32.45","PROASELLUS_SP_GR_COXALIS|APHRODSP_201603","PROASELLUS_SP_GR_COXALIS","PROASELLUS_SP_GR_COXALIS|APHRODSP_201603[B1]PCoAp3","Psp_gr_coxalis|APHRODSP_201603_3","PROASELLUS_COXALIS"
"16S;COI;AM4;OPS1;28S","AQUALA","38.06","-2.82","PROASELLUS_COMASI_CF|AQUALA_200910","PROASELLUS_COMASI_CF","PROASELLUS_COMASI_CF|AQUALA_200910[Bm]PCmA3","PcomasiCF|AQUALA_200910_3","PROASELLUS_N_SP_AQUAMALAS_PONTONES"
"COI;AM4;OPS1;28S;16S","AQUALA","38.06","-2.82","PROASELLUS_COMASI_CF|AQUALA_200910","PROASELLUS_COMASI_CF","PROASELLUS_COMASI_CF|AQUALA_200910[1]PCmA1","PcomasiCF|AQUALA_200910_1ID","PROASELLUS_N_SP_AQUAMALAS_PONTONES"
"16S;COI;AM4;OPS2;28S","AQUERRET","42.89463","-1.55449","PROASELLUS_ARAGONENSIS|AQUERRET_200906","PROASELLUS_ARAGONENSIS","PROASELLUS_ARAGONENSIS|AQUERRET_200906[B.]PArA2","Paragonensis|AQUERRET_200906_2","PROASELLUS_LESCHERAE"
"OPS2;28S;AM4;COI;16S;16S","AQUERRET","42.89463","-1.55449","PROASELLUS_ARAGONENSIS|AQUERRET_200906","PROASELLUS_ARAGONENSIS","PROASELLUS_ARAGONENSIS|AQUERRET_200906[1.]PArA1","Paragonensis|AQUERRET_200906_1ID","PROASELLUS_N_SP_AQUERRETA"
"AM4;COI;COI;28S;16S","ARBAS","42.97306","0.898889","STENASELLUS_VIREI_HUSSONI|ARBAS_201011","STENASELLUS_VIREI_HUSSONI","STENASELLUS_VIREI_HUSSONI|ARBAS_201011[1F]SVHA1","Svireihussoni|arbas_201011_1FID","STENASELLUS_VIREI_HUSSONI"
"28S;16S;AM4;COI","ARGATXA","43.358732","-2.658352","PROASELLUS_MERIDIANUS|ARGATXA_201102","PROASELLUS_MERIDIANUS","PROASELLUS_MERIDIANUS|ARGATXA_201102[2]PspAr1","Psp|ARGATXA_201102_1ID","PROASELLUS_MERIDIANUS"
"AM4;16S;COI;28S;28S","ARGONGE","39.10269","-1.041","BRAGASELLUS_LAGARI_CF|ARGONGE_200910","BRAGASELLUS_LAGARI_CF","BRAGASELLUS_LAGARI_CF|ARGONGE_200910[Bv]PspA1","Psp|ARGONGE_200910_1","BRAGASELLUS_LAGARI_CF"
"28S;16S;COI;AM4;28S;28S","ARGONGE","39.10269","-1.041","BRAGASELLUS_LAGARI_CF|ARGONGE_200910","BRAGASELLUS_LAGARI_CF","BRAGASELLUS_LAGARI_CF|ARGONGE_200910[Bv]PspA2","Psp|ARGONGE_200910_2","BRAGASELLUS_LAGARI_CF"
"AM4;AM4;COI;28S;16S","ARKADIOU","35.324","24.648252","PROASELLUS_MINOICUS_AFF|ARKADIOU_201410","PROASELLUS_MINOICUS_AFF","PROASELLUS_MINOICUS_AFF|ARKADIOU_201410[A1]PMnA1","PminoicusAFF|ARKADIOU_201410_1ID","PROASELLUS_MINOICUS_AFF"
"28S;COI;AM4;16S","ARPAON","44.300075","3.66324","PROASELLUS_N_SP_ARPAON|ARPAON_201109","PROASELLUS_N_SP_ARPAON","PROASELLUS_N_SP_ARPAON|ARPAON_201109[1]PspAp1","PnspArpaon|ARPAON_201109_1ID","PROASELLUS_N_SP_ARPAON"
"AM4;28S;COI;16S","ARTZEGI","43.01902","-2.75427","PROASELLUS_CHAPPUISI|ARTZEGI_200906","PROASELLUS_CHAPPUISI","PROASELLUS_CHAPPUISI|ARTZEGI_200906[A.]PCpA2","Pchappuisi|ARTZEGI_200906_2","PROASELLUS_CHAPPUISI"
"28S;COI;COI;16S;AM4","ARTZEGI","43.01902","-2.75427","PROASELLUS_CHAPPUISI|ARTZEGI_200906","PROASELLUS_CHAPPUISI","PROASELLUS_CHAPPUISI|ARTZEGI_200906[1.]PCpA1","Pchappuisi|ARTZEGI_200906_1ID","PROASELLUS_CHAPPUISI"
"AM4;COI;16S;28S","ASINAIA","42.49306","9.294722","PROASELLUS_BERONI|ASINAIA_200810","PROASELLUS_BERONI","PROASELLUS_BERONI|ASINAIA_200810[A1]PBeN1","Pberoni|ASINAIA_200810_1ID","PROASELLUS_BERONI"
"28S;16S;AM4;28S;COI;COI","ASINAIA","42.49306","9.294722","STENASELLUS_RACOVITZAI|ASINAIA_200810","STENASELLUS_RACOVITZAI","STENASELLUS_RACOVITZAI|ASINAIA_200810[A1]SRP1","Sracovitzai|ASINAIA_200810_1","STENASELLUS_RACOVITZAI"
"16S;COI;28S;AM4","ASSAFORA","38.90872","-9.42192","PROASELLUS_ASSAFORENSIS|ASSAFORA_201010","PROASELLUS_ASSAFORENSIS","PROASELLUS_ASSAFORENSIS|ASSAFORA_201010[1]PAsA1","Passaforensis|ASSAFORA_201010_1ID","PROASELLUS_ASSAFORENSIS"
"16S;COI;28S;AM4","AVENA","40.059972","16.156356","PROASELLUS_COXALIS|AVENA_200903","PROASELLUS_COXALIS","PROASELLUS_COXALIS|AVENA_200903[1]PCoAv1","Pcoxalis|AVENA_200903_1ID","PROASELLUS_COXALIS"
"16S;AM4;COI;28S","BAIKAL5","51.903118","105.07676","BAICALASELLUS_BAICALENSIS|BAIKAL5_201409","BAICALASELLUS_BAICALENSIS","BAICALASELLUS_BAICALENSIS|BAIKAL5_201409[A7]BaspB2","BAIsp|BAIKAL5_201409_2ID","BAICALASELLUS_SP"
"COI;28S;16S;AM4","BAIKAL5","51.903118","105.07676","BAICALASELLUS_BAICALENSIS|BAIKAL5_201409","BAICALASELLUS_BAICALENSIS","BAICALASELLUS_BAICALENSIS|BAIKAL5_201409[A1]BaspB1","BAIsp|BAIKAL5_201409_1ID","BAICALASELLUS_SP"
"COI;28S;28S;COI;16S;AM4","BAIKAL5B","51.903118","105.07676","BAICALASELLUS_KOROTNEVI|BAIKAL5B_201409","BAICALASELLUS_KOROTNEVI","BAICALASELLUS_KOROTNEVI|BAIKAL5B_201409[A13]BaspB6","BAIsp|BAIKAL5B_201409_6ID","BAICALASELLUS_KOROTNEVI"
"OPS1;OPS1;OPS1;COI;28S;AM4;16S","BALME","45.85222","5.339167","PROASELLUS_VALDENSIS|BALME_200709","PROASELLUS_VALDENSIS","PROASELLUS_VALDENSIS|BALME_200709[INCONNU]PVB1","Pvaldensis|BALME_200709_1","PROASELLUS_VALDENSIS"
"16S;COI;28S;AM4","BANDITO","44.2922","7.42741","PROASELLUS_FRANCISCOLOI|BANDITO_200907","PROASELLUS_FRANCISCOLOI","PROASELLUS_FRANCISCOLOI|BANDITO_200907[1]PFR1","Pfranciscoloi|BANDITO_200907_1ID","PROASELLUS_FRANCISCOLOI"
"AM4;OPS1;OPS2;OPS2;16S;16S;28S;COI","BARRIO","41.84607","-8.56764","PROASELLUS_IBERICUS|BARRIO_201010","PROASELLUS_IBERICUS","PROASELLUS_IBERICUS|BARRIO_201010[1]PIbR1","Pibericus|BARRIO_201010_1ID","PROASELLUS_IBERICUS"
"28S;16S;16S;COI;COI;28S;AM4","BARRIO","41.84607","-8.56764","SYNASELLUS_N_SP_BARRIO|BARRIO_201110","SYNASELLUS_N_SP_BARRIO","SYNASELLUS_N_SP_BARRIO|BARRIO_201110[1]SyspB1","SYnspBarrio|BARRIO_201110_1ID","SYNASELLUS_N_SP_BARRIO"
"16S;AM4;COI;28S","BECERRAL","43.19286","-3.58453","PROASELLUS_CANTABRICUS|BECERRAL_201110","PROASELLUS_CANTABRICUS","PROASELLUS_CANTABRICUS|BECERRAL_201110[1]PCanB1","Pcantabricus|BECERRAL_201110_1ID","PROASELLUS_CANTABRICUS"
"COI;AM4;AM4;28S;28S;16S","BECERRAL","43.19286","-3.58453","STENASELLUS_VIREI_BUCHNERI|BECERRAL_201110","STENASELLUS_VIREI_BUCHNERI","STENASELLUS_VIREI_BUCHNERI|BECERRAL_201110[1]SVBB1","Svireibuchneri|BECERRAL_2011110_1ID","STENASELLUS_VIREI_BUCHNERI"
"AM4;28S;16S;COI","BECERRAL","43.19286","-3.58453","PROASELLUS_CANTABRICUS|BECERRAL_201110","PROASELLUS_CANTABRICUS","PROASELLUS_CANTABRICUS|BECERRAL_201110[3]PCanB3","Pcantabricus|BECERRAL_201110_3ID","PROASELLUS_CANTABRICUS"
"COI;AM4;16S;16S;28S","BEITED","33.70255","35.470583","PROASELLUS_COXALIS|BEITED_200909","PROASELLUS_COXALIS","PROASELLUS_COXALIS|BEITED_200909[1]PCoBD1","Pcoxalis|BEITED_200909_1ID","PROASELLUS_COXALIS"
"16S;COI;28S;28S;AM4","BELLEGAR","46.61139","7.275833","PROASELLUS_CAVATICUS|BELLEGAR_200902","PROASELLUS_CAVATICUS","PROASELLUS_CAVATICUS|BELLEGAR_200902[1]PCCB1","Pcavaticus|BELLEGAR_200902_1ID","PROASELLUS_CAVATICUS"
"COI;28S;28S;16S;16S;AM4;AM4;COI","BELLUNO","46.13416","12.22556","PROASELLUS_INTERMEDIUS|BELLUNO_201504","PROASELLUS_INTERMEDIUS","PROASELLUS_INTERMEDIUS|BELLUNO_201504[A1]PIBe1","Pintermedius|BELLUNO_201504_1ID","PROASELLUS_INTERMEDIUS"
"COI;AM4;16S;28S;COI;COI;COI","BELMONT","47.00945","5.594722","PROASELLUS_CAVATICUS|BELMONT_200707","PROASELLUS_CAVATICUS","PROASELLUS_CAVATICUS|BELMONT_200707[1]PCB1","Pcavaticus|BELMONT_200707_1ID","PROASELLUS_CAVATICUS"
"COI;16S;AM4;AM4;28S;COI","BERANE2","42.85272","19.86211","PROASELLUS_ANOPHTALMUS_ANOPHTALMUS|BERANE2_201107","PROASELLUS_ANOPHTALMUS_ANOPHTALMUS","PROASELLUS_ANOPHTALMUS_ANOPHTALMUS|BERANE2_201107[1]PAnBe1","Panophtalmus|BERANE2_201107_1ID","PROASELLUS_ANOPHTALMUS"
"COI;AM4;16S;28S","BERANE2","42.85272","19.86211","PROASELLUS_ANOPHTALMUS_ANOPHTALMUS|BERANE2_201107","PROASELLUS_ANOPHTALMUS_ANOPHTALMUS","PROASELLUS_ANOPHTALMUS_ANOPHTALMUS|BERANE2_201107[2]PAnBe2","Panophtalmus|BERANE2_201107_2ID","PROASELLUS_ANOPHTALMUS"
"28S;COI;COI;AM4;16S","BERNACCI","42.54583","9.137222","PROASELLUS_BERONI|BERNACCI_200810","PROASELLUS_BERONI","PROASELLUS_BERONI|BERNACCI_200810[B]PBeB3","Pberoni|BERNACCI_200810_3","PROASELLUS_BERONI"
"COI;16S;AM4;28S;28S;OPS1;OPS1","BISRI","33.5802","35.535483","PROASELLUS_COXALIS|BISRI_200909","PROASELLUS_COXALIS","PROASELLUS_COXALIS|BISRI_200909[1]PCoBi1","Pcoxalis|BISRI_200909_1ID","PROASELLUS_COXALIS"
"28S;16S;COI;AM4","BORACKO","43.55503","18.03138","PROASELLUS_N_SP_BORACKO|BORACKO_201107","PROASELLUS_N_SP_BORACKO","PROASELLUS_N_SP_BORACKO|BORACKO_201107[1]PspBo1","PnspBoracko|BORACKO_201107_1ID","PROASELLUS_KARAMANI"
"16S;COI;COI;OPS1;OPS1;AM4;COI;28S","BORCASSO","46.73667","5.642222","PROASELLUS_CAVATICUS|BORCASSO_200711","PROASELLUS_CAVATICUS","PROASELLUS_CAVATICUS|BORCASSO_200711[1]PCBC1","Pcavaticus|BORCASSO_200711_1ID","PROASELLUS_CAVATICUS"
"28S;OPS1;OPS1;16S;COI;AM4","BOSSEA","44.24167","7.839722","PROASELLUS_FRANCISCOLOI|BOSSEA_200801","PROASELLUS_FRANCISCOLOI","PROASELLUS_FRANCISCOLOI|BOSSEA_200801[B]PFB3","Pfranciscoloi|BOSSEA_200801_3","PROASELLUS_FRANCISCOLOI"
"OPS2;28S;16S;AM4;AM4;AM4;COI;COI;OPS1;OPS2","BREGAVE","43.07196","18.03724","PROASELLUS_ANOPHTALMUS|BREGAVE_201009","PROASELLUS_ANOPHTALMUS","PROASELLUS_ANOPHTALMUS|BREGAVE_201009[1]PAnS1","Panophtalmus|BREGAVE_201009_1ID","PROASELLUS_ANOPHTALMUS"
"OPS1;16S;COI;AM4;28S","BREGAVE","43.07196","18.03724","PROASELLUS_ANOPHTALMUS|BREGAVE_201009","PROASELLUS_ANOPHTALMUS","PROASELLUS_ANOPHTALMUS|BREGAVE_201009[B]PAnS2","Panophtalmus|BREGAVE_201009_2","PROASELLUS_ANOPHTALMUS"
"28S;16S;COI;COI;AM4","BRUGIA","43.95653","7.50218","PROASELLUS_SP|BRUGIA_201108","PROASELLUS_SP","PROASELLUS_SP|BRUGIA_201108[B]PspBg1","Psp|BRUGIA_201108_1","PROASELLUS_N_SP_MAGLIA"
"COI;16S;28S;AM4","BUDANESE","42.85","11.12","STENASELLUS_RACOVITZAI|BUDANESE_201509","STENASELLUS_RACOVITZAI","STENASELLUS_RACOVITZAI|BUDANESE_201509[B2]SRBu2","Sracovitzai|BUDANESE_201509_2","STENASELLUS_RACOVITZAI"
"COI;16S;AM4;28S;28S;28S;COI","BUEMARI","40.246589","9.623663","STENASELLUS_SP|BUEMARI_200905","STENASELLUS_SP","STENASELLUS_SP|BUEMARI_200905[B1]SspB1","Ssp|BUEMARI_200905_1","STENASELLUS_N_SP_BUEMARI"
"AM4;28S;28S;AM4;COI;COI;16S;16S","BURGUI","42.70362","-1.01646","STENASELLUS_VIREI_BUCHNERI|BURGUI_201110","STENASELLUS_VIREI_BUCHNERI","STENASELLUS_VIREI_BUCHNERI|BURGUI_201110[1]SVBBu1","Svireibuchneri|BURGUI_201110_1ID","STENASELLUS_VIREI_BUCHNERI"
"OPS1;AM4;AM4;OPS1;OPS2;16S;COI;28S;28S;OPS1","BURGUI","42.70362","-1.01646","PROASELLUS_ARAGONENSIS|BURGUI_200906","PROASELLUS_ARAGONENSIS","PROASELLUS_ARAGONENSIS|BURGUI_200906[1.]PArE1","Paragonensis|BURGUI_200906_1ID","PROASELLUS_ARAGONENSIS"
"16S;AM4;28S;28S;OPS2;COI;COI;OPS1;OPS1","BURGUI","42.70362","-1.01646","PROASELLUS_ARAGONENSIS|BURGUI_200906","PROASELLUS_ARAGONENSIS","PROASELLUS_ARAGONENSIS|BURGUI_200906[B.]PArE2","Paragonensis|BURGUI_200906_2","PROASELLUS_ARAGONENSIS"
"AM4;OPS1;OPS1;COI;16S;28S","BURKH3","48.095133","7.593281","PROASELLUS_CAVATICUS|BURKH3_200905","PROASELLUS_CAVATICUS","PROASELLUS_CAVATICUS|BURKH3_200905[2]PCBu1","Pcavaticus|BURKH3_200905_1ID","PROASELLUS_CAVATICUS"
"AM4;16S;COI;AM4;28S;28S","BUSTA","43.3492","-4.18103","PROASELLUS_MERIDIANUS|BUSTA_200906","PROASELLUS_MERIDIANUS","PROASELLUS_MERIDIANUS|BUSTA_200906[1.]PMLL1","Pmeridianus|BUSTA_200906_1ID","PROASELLUS_MERIDIANUS"
"28S;AM4;COI;COI;16S","CABRIEL","39.24954","-1.09382","BRAGASELLUS_LAGARI|CABRIEL_200910","BRAGASELLUS_LAGARI","BRAGASELLUS_LAGARI|CABRIEL_200910[Bv]BLaC2","Blagari|CABRIEL_200910_2","BRAGASELLUS_LAGARI"
"AM4;28S;16S;COI","CALATSID","35.122632","26.149598","PROASELLUS_SP|CALATSID_201610","PROASELLUS_SP","PROASELLUS_SP|CALATSID_201610[A1]PCoCd1","Psp|CALATSID_201610_1","PROASELLUS_COXALIS"
"28S;AM4;16S;COI","CALATSID","35.122632","26.149598","PROASELLUS_SP|CALATSID_201610","PROASELLUS_SP","PROASELLUS_SP|CALATSID_201610[A2]PCoCd2","Psp|CALATSID_201610_2ID","PROASELLUS_COXALIS"
"16S;16S;AM4;AM4;28S;COI;COI","CALORESP","40.49","15.21","PROASELLUS_SP|CALORESP_201601","PROASELLUS_SP","PROASELLUS_SP|CALORESP_201601[J1]PspCp1","Psp|CALORESP_201601_1","PROASELLUS_COXALIS"
"COI;COI;28S;28S;AM4;AM4;16S;16S;COI","CALORESP","40.49","15.21","PROASELLUS_SP|CALORESP_201601","PROASELLUS_SP","PROASELLUS_SP|CALORESP_201601[B2]PspCp3","Psp|CALORESP_201601_3","PROASELLUS_N_SP_CALORESP"
"COI;AM4;28S;16S","CANTARA","44.12111","7.876389","PROASELLUS_DEMINUTUS_AFF|CANTARA_200801","PROASELLUS_DEMINUTUS_AFF","PROASELLUS_DEMINUTUS_AFF|CANTARA_200801[5]PIC1","Pintermedius|CANTARA_200801_1ID","PROASELLUS_N_SP_CANTARANA"
"16S;AM4;28S;COI;COI","CASALUNA","42.3875","9.258611","PROASELLUS_BERONI|CASALUNA_200810","PROASELLUS_BERONI","PROASELLUS_BERONI|CASALUNA_200810[B]PBeL3","Pberoni|CASALUNA_200810_3","PROASELLUS_BERONI"
"AM4;COI;COI;OPS2;28S;16S","CASAMOZA","42.51861","9.442222","STENASELLUS_RACOVITZAI|CASAMOZA_200810","STENASELLUS_RACOVITZAI","STENASELLUS_RACOVITZAI|CASAMOZA_200810[B]SRCa1","Sracovitzai|CASAMOZA_200810_1","STENASELLUS_RACOVITZAI"
"28S;AM4;OPS2;COI;28S;16S;16S","CASAMOZA","42.51861","9.442222","STENASELLUS_RACOVITZAI|CASAMOZA_200810","STENASELLUS_RACOVITZAI","STENASELLUS_RACOVITZAI|CASAMOZA_200810[A1]SRCa2","Sracovitzai|CASAMOZA_200810_2ID","STENASELLUS_RACOVITZAI"
"AM4;16S;28S;COI","CASCAN2","40.20431","-1.12963","BRAGASELLUS_LAGARI|CASCAN2_200910","BRAGASELLUS_LAGARI","BRAGASELLUS_LAGARI|CASCAN2_200910[1]BLaR1","Blagari|CASCAN2_200910_1ID","BRAGASELLUS_LAGARI"
"16S;28S;AM4;COI","CASCAN2","40.20431","-1.12963","PROASELLUS_MARGALEFI_CF|CASCAN2_200910","PROASELLUS_MARGALEFI_CF","PROASELLUS_MARGALEFI_CF|CASCAN2_200910[1]PMaR1","PmargalefiCF|CASCAN2_200910_1ID","PROASELLUS_MARGALEFI"
"AM4;COI;16S;16S;28S","CAUTAB","39.1438","-1.04686","PROASELLUS_GOURBAULTAE_CF|CAUTAB_200910","PROASELLUS_GOURBAULTAE_CF","PROASELLUS_GOURBAULTAE_CF|CAUTAB_200910[B]BLaJ4","Blagari|CAUTAB_200910_4","PROASELLUS_GOURBAULTAE_CF"
"AM4;COI;28S;16S","CAUTAB","39.1438","-1.04686","BRAGASELLUS_LAGARI|CAUTAB_200910","BRAGASELLUS_LAGARI","BRAGASELLUS_LAGARI|CAUTAB_200910[B']BLaJ5","Blagari|CAUTAB_200910_5","BRAGASELLUS_LAGARI"
"AM4;16S;28S;COI","CAUTAB","39.1438","-1.04686","PROASELLUS_GOURBAULTAE_CF|CAUTAB_200910","PROASELLUS_GOURBAULTAE_CF","PROASELLUS_GOURBAULTAE_CF|CAUTAB_200910[B'3]BLaJ1","Blagari|CAUTAB_200910_1","PROASELLUS_GOURBAULTAE_CF"
"16S;28S;28S;28S;AM4;COI","CENTFONT","43.75944","3.623056","STENASELLUS_BUILI|CENTFONT_200908","STENASELLUS_BUILI","STENASELLUS_BUILI|CENTFONT_200908[B]SBC1","Sbuili|CENTFONT_200908_1","STENASELLUS_BUILI"
"OPS2;COI;AM4;16S;28S","CEPKI","45.54328","13.83449","PROASELLUS_SLAVUS|CEPKI_201009","PROASELLUS_SLAVUS","PROASELLUS_SLAVUS|CEPKI_201009[B]PSlC3","Pslavus|CEPKI_201009_3","PROASELLUS_SLAVUS"
"16S;28S;AM4;COI","CERECEDA","42.80023","-3.49401","PROASELLUS_EBRENSIS|CERECEDA_201405","PROASELLUS_EBRENSIS","PROASELLUS_EBRENSIS|CERECEDA_201405[CRYO]arnPEF11","Pebrensis|CERECEDA_201405_11arn","PROASELLUS_EBRENSIS"
"28S;AM4;16S;COI;28S","CERECEDA","42.80023","-3.49401","STENASELLUS_VIREI_BUCHNERI|CERECEDA_200906","STENASELLUS_VIREI_BUCHNERI","STENASELLUS_VIREI_BUCHNERI|CERECEDA_200906[1.]SVBS1","Svireibuchneri|CERECEDA_200906_1ID","STENASELLUS_VIREI_BUCHNERI"
"AM4;COI;16S;28S;OPS1","CERECEDA","42.80023","-3.49401","PROASELLUS_EBRENSIS|CERECEDA_200906","PROASELLUS_EBRENSIS","PROASELLUS_EBRENSIS|CERECEDA_200906[B.]PEF1","Pebrensis|CERECEDA_200906_1","PROASELLUS_EBRENSIS"
"OPS2;16S;OPS2;OPS2;COI;28S;AM4","CHAPGEN","43.08333","-0.872778","PROASELLUS_VANDELI|CHAPGEN_200811","PROASELLUS_VANDELI","PROASELLUS_VANDELI|CHAPGEN_200811[1]PVaG3","Pvandeli|CHAPGEN_200811_3ID","PROASELLUS_VANDELI"
"COI;AM4;16S;COI;28S","CHICO","43.19099","-3.58094","PROASELLUS_CANTABRICUS|CHICO_201110","PROASELLUS_CANTABRICUS","PROASELLUS_CANTABRICUS|CHICO_201110[1]PCanCh1","Pcantabricus|CHICO_201110_1ID","PROASELLUS_CANTABRICUS"
"16S;AM4;COI;28S;28S","CHINIER","44.07697","3.66161","PROASELLUS_WALTERI|CHINIER_201407","PROASELLUS_WALTERI","PROASELLUS_WALTERI|CHINIER_201407[A1]B1","Pwalteri|CHINIER_201407_B1ID","PROASELLUS_WALTERI"
"AM4;16S;28S;COI","CHIUPESI","44.216","7.65983","CHTHONASELLUS_BODONI|CHIUPESI_200908","CHTHONASELLUS_BODONI","CHTHONASELLUS_BODONI|CHIUPESI_200908[1]CHBP1","Cbodoni|CHIUPESI_200908_1ID","CHTHONASELLUS_BODONI"
"16S;28S;AM4;COI","CHRISII","39.589888","19.900553","PROASELLUS_COXALIS|CHRISII_201203","PROASELLUS_COXALIS","PROASELLUS_COXALIS|CHRISII_201203[A1]PCoCh1","Pcoxalis|CHRISII_201203_1ID","PROASELLUS_COXALIS"
"OPS2;OPS2;AM4;OPS1;COI;28S;OPS2;OPS2;16S","CLITUNNO","42.83293","12.76815","PROASELLUS_DIANAE|CLITUNNO_200904","PROASELLUS_DIANAE","PROASELLUS_DIANAE|CLITUNNO_200904[1]PDiC1","Pdianae|CLITUNNO_200904_1ID","PROASELLUS_DIANAE"
"COI;16S;AM4;AM4;28S;28S;16S;16S","COBALLE1","43.18619","-5.38696","STENASELLUS_VIREI_VIREI|COBALLE1_200906","STENASELLUS_VIREI_VIREI","STENASELLUS_VIREI_VIREI|COBALLE1_200906[B*]SVVR1","Svireivirei|COBALLE1_200906_1FID","STENASELLUS_VIREI_VIREI"
"COI;AM4;28S;16S;16S;COI","COBALLE2","43.1847","-5.38804","BRAGASELLUS_COMASI|COBALLE2_200906","BRAGASELLUS_COMASI","BRAGASELLUS_COMASI|COBALLE2_200906[B]BCL2","Bcomasi|COBALLE2_200906_2","BRAGASELLUS_COMASI"
"AM4;COI;COI;28S;16S;AM4","COBALLE2","43.1847","-5.38804","BRAGASELLUS_COMASI|COBALLE2_200906","BRAGASELLUS_COMASI","BRAGASELLUS_COMASI|COBALLE2_200906[B]BCL1","Bcomasi|COBALLE2_200906_1","BRAGASELLUS_COMASI"
"28S;AM4;COI;16S;28S","CONCHA","43.55978","-6.19003","STENASELLUS_VIREI_BUCHNERI_AFF|CONCHA_201010","STENASELLUS_VIREI_BUCHNERI_AFF","STENASELLUS_VIREI_BUCHNERI_AFF|CONCHA_201010[1]SVBA1","SvireibuchneriAFF|CONCHA_201010_1ID","STENASELLUS_VIREI_BUCHNERI_AFF"
"AM4;16S;28S;28S;16S;COI;COI","CONCHA","43.55978","-6.19003","SYNASELLUS_N_SP_CONCHA1|CONCHA_201010","SYNASELLUS_N_SP_CONCHA1","SYNASELLUS_N_SP_CONCHA1|CONCHA_201010[1]SyspC1","SYnspConcha1|CONCHA_201010_1ID","SYNASELLUS_N_SP_CONCHA1"
"16S;28S;COI;AM4;COI;AM4","CONCHA","43.55978","-6.19003","BRAGASELLUS_N_SP|CONCHA_201010","BRAGASELLUS_N_SP","BRAGASELLUS_N_SP|CONCHA_201010[3]BspC1","Bnsp|CONCHA_201010_1ID","BRAGASELLUS_COMASI"
"16S;COI;COI;AM4;28S;28S","CONCHA","43.55978","-6.19003","PROASELLUS_MERIDIANUS|CONCHA_201010","PROASELLUS_MERIDIANUS","PROASELLUS_MERIDIANUS|CONCHA_201010[1]PMC1","Pmeridianus|CONCHA_201010_1ID","PROASELLUS_MERIDIANUS"
"28S;COI;COI;16S;AM4;28S","CONCHA","43.55978","-6.19003","SYNASELLUS_N_SP_CONCHA2|CONCHA_201010","SYNASELLUS_N_SP_CONCHA2","SYNASELLUS_N_SP_CONCHA2|CONCHA_201010[2]SyspC2","SYnspConcha2|CONCHA_201010_2ID","SYNASELLUS_N_SP_CONCHA2"
"AM4;16S;COI;AM4;COI;28S;28S","CONCHA","43.55978","-6.19003","PROASELLUS_MERIDIANUS|CONCHA_201010","PROASELLUS_MERIDIANUS","PROASELLUS_MERIDIANUS|CONCHA_201010[B]PMC2","Pmeridianus|CONCHA_201010_2","PROASELLUS_MERIDIANUS"
"28S;COI;16S;28S;AM4;28S","CONCHA","43.55978","-6.19003","STENASELLUS_VIREI_BUCHNERI_AFF|CONCHA_201010","STENASELLUS_VIREI_BUCHNERI_AFF","STENASELLUS_VIREI_BUCHNERI_AFF|CONCHA_201010[B]SVBA2","SvireibuchneriAFF|CONCHA_201010_2","STENASELLUS_VIREI_BUCHNERI_AFF"
"AM4;28S;28S;COI;COI;16S;16S","CONCHA","43.55978","-6.19003","SYNASELLUS_N_SP_CONCHA3|CONCHA_201010","SYNASELLUS_N_SP_CONCHA3","SYNASELLUS_N_SP_CONCHA3|CONCHA_201010[Aidem1]SyspC3","SYnspConcha3|CONCHA_201010_3","SYNASELLUS_N_SP_CONCHA3"
"AM4;OPS2;AM4;28S;16S;28S;COI;AM4;OPS1","COTILLAS","38.43313","-2.52911","PROASELLUS_ESCOLAI_AFF|COTILLAS_201010","PROASELLUS_ESCOLAI_AFF","PROASELLUS_ESCOLAI_AFF|COTILLAS_201010[1*]PEcC1","PescolaiAFF|COTILLAS_201010_1ID","PROASELLUS_ESCOLAI_AFF"
"16S;COI;AM4;28S;COI","COTILLAS","38.43313","-2.52911","PROASELLUS_ESCOLAI_AFF|COTILLAS_201010","PROASELLUS_ESCOLAI_AFF","PROASELLUS_ESCOLAI_AFF|COTILLAS_201010[B]PEcC2","Paffescolai|COTILLAS_201010_2","PROASELLUS_N_SP_COTILLAS"
"AM4;COI;COI;COI;COI;28S;16S;16S","COUMES","43.0171","1.15327","STENASELLUS_VIREI_HUSSONI|COUMES_200802","STENASELLUS_VIREI_HUSSONI","STENASELLUS_VIREI_HUSSONI|COUMES_200802[INCONNU]SVR1","Svireihussoni|COUMES_200802_1","STENASELLUS_VIREI_HUSSONI"
"COI;28S;AM4;16S","CREUS","41.34883","1.36169","STENASELLUS_VIREI_VIREI|CREUS_200906","STENASELLUS_VIREI_VIREI","STENASELLUS_VIREI_VIREI|CREUS_200906[B]SVVS2","Svireivirei|CREUS_200906_2","STENASELLUS_VIREI_VIREI"
"AM4;AM4;28S;16S;COI","CREUS","41.34883","1.36169","STENASELLUS_VIREI_VIREI|CREUS_200906","STENASELLUS_VIREI_VIREI","STENASELLUS_VIREI_VIREI|CREUS_200906[1.]SVVS1","Svireivirei|CREUS_200906_1ID","STENASELLUS_VIREI_VIREI"
"AM4;28S;COI;16S","CREUS","41.34883","1.36169","BRAGASELLUS_LAGARIOIDES|CREUS_200906","BRAGASELLUS_LAGARIOIDES","BRAGASELLUS_LAGARIOIDES|CREUS_200906[B.]BLC1","Blagarioides|CREUS_200906_1","BRAGASELLUS_LAGARIOIDES"
"16S;COI;AM4;28S","CRISSOLO","44.69806","7.141667","PROASELLUS_N_SP_MARTINO|CRISSOLO_200801","PROASELLUS_N_SP_MARTINO","PROASELLUS_N_SP_MARTINO|CRISSOLO_200801[3]PspMa1","PnspMartino|CRISSOLO_200801_1ID","PROASELLUS_N_SP_MARTINO"
"28S;AM4;COI;28S;16S;OPS1","CRUZ","38.10056","-1.82796","PROASELLUS_LAGARI|CRUZ_200910","PROASELLUS_LAGARI","PROASELLUS_LAGARI|CRUZ_200910[1v]PLaC1","Plagari|CRUZ_200910_1ID","PROASELLUS_LAGARI"
"AM4;AM4;COI;16S;28S;28S","CUBIO","43.27582","-3.62025","PROASELLUS_CANTABRICUS_AFF|CUBIO_201405","PROASELLUS_CANTABRICUS_AFF","PROASELLUS_CANTABRICUS_AFF|CUBIO_201405[CRYO]arnPCanC21","PcantabricusAFF|CUBIO_201405_21arn","PROASELLUS_CANTABRICUS_AFF"
"16S;COI;COI;28S;OPS1;OPS1;AM4;COI","CUBIO","43.27582","-3.62025","PROASELLUS_CANTABRICUS_AFF|CUBIO_201110","PROASELLUS_CANTABRICUS_AFF","PROASELLUS_CANTABRICUS_AFF|CUBIO_201110[1]PCanC1","PcantabricusAFF|CUBIO_201110_1ID","PROASELLUS_CANTABRICUS_AFF"
"16S;AM4;COI;28S;COI;28S;COI;16S","CUVERA","43.25482","-3.60375","PROASELLUS_SP_CUVERA2|CUVERA_201108","PROASELLUS_SP_CUVERA2","PROASELLUS_SP_CUVERA2|CUVERA_201108[B1]PspCu4","PspCuvera2|CUVERA_201108_4","PROASELLUS_SP_CUVERA2"
"28S;COI;AM4;16S;28S","CVALMALA","45.71728","10.23411","PROASELLUS_PAVANI|CVALMALA_201504","PROASELLUS_PAVANI","PROASELLUS_PAVANI|CVALMALA_201504[A1]PPvC1","Ppavani|CVALMALA_201504_1ID","PROASELLUS_PAVANI"
"AM4;COI;16S;28S;28S","CVALMALA","45.71728","10.23411","PROASELLUS_PAVANI|CVALMALA_201504","PROASELLUS_PAVANI","PROASELLUS_PAVANI|CVALMALA_201504[A2]PPvC2","Ppavani|CVALMALA_201504_2ID","PROASELLUS_PAVANI"
"28S;COI;AM4;16S","DABARSKA","44.766622","16.666698","PROASELLUS_SP|DABARSKA_200611","PROASELLUS_SP","PROASELLUS_SP|DABARSKA_200611[1F]PspDa1","PspDabarska|DABARSKA_200611_1FID","PROASELLUS_DABARSKA"
"28S;AM4;16S;AM4;COI","DATLO","43.06202","18.49938","PROASELLUS_ANOPHTALMUS|DATLO_201408","PROASELLUS_ANOPHTALMUS","PROASELLUS_ANOPHTALMUS|DATLO_201408[A2]PAnDa3","Panophtalmus|DATLO_201408_3","PROASELLUS_ANOPHTALMUS"
"AM4;OPS2;COI;28S;28S;OPS1;16S","DEIFONTE","37.32921","-3.5874","PROASELLUS_ESCOLAI|DEIFONTE_200910","PROASELLUS_ESCOLAI","PROASELLUS_ESCOLAI|DEIFONTE_200910[1v]PEcD1","Pescolai|DEIFONTE_200910_1ID","PROASELLUS_ESCOLAI"
"16S;AM4;28S;COI","DEVAILCE","43.11537","-4.7686","SYNASELLUS_BRAGAIANUS|DEVAILCE_200906","SYNASELLUS_BRAGAIANUS","SYNASELLUS_BRAGAIANUS|DEVAILCE_200906[B.]SyBI1","SYbragaianus|DEVAILCE_200906_1","SYNASELLUS_BRAGAIANUS"
"28S;AM4;AM4;COI;16S;16S;COI","DEVANARG","43.32999","-4.56848","BRAGASELLUS_MEIJERSAE|DEVANARG_200906","BRAGASELLUS_MEIJERSAE","BRAGASELLUS_MEIJERSAE|DEVANARG_200906[I1.]BMD1","Bmeijersae|DEVANARG_200906_1","SYNASELLUS_BRAGAIANUS"
"16S;16S;COI;COI;AM4;AM4;28S;28S","DEVAPANE","43.31075","-4.6095","BRAGASELLUS_ROUCHI|DEVAPANE_200906","BRAGASELLUS_ROUCHI","BRAGASELLUS_ROUCHI|DEVAPANE_200906[1.]BRD1","Brouchi|DEVAPANE_200906_1ID","BRAGASELLUS_ROUCHI"
"28S;AM4;COI;16S","DJATO","42.83514","19.90699","PROASELLUS_KARAMANI|DJATO_201107","PROASELLUS_KARAMANI","PROASELLUS_KARAMANI|DJATO_201107[2]PKD2","Pkaramani|DJATO_201107_2ID","PROASELLUS_KARAMANI"
"COI;AM4;16S;28S","DJATO","42.83514","19.90699","PROASELLUS_KARAMANI|DJATO_201107","PROASELLUS_KARAMANI","PROASELLUS_KARAMANI|DJATO_201107[1]PKD1","Pkaramani|DJATO_201107_1ID","PROASELLUS_KARAMANI"
"28S;AM4;16S;COI;COI;COI","DOUVERA","46.31778","5.833889","PROASELLUS_VALDENSIS|DOUVERA_200908","PROASELLUS_VALDENSIS","PROASELLUS_VALDENSIS|DOUVERA_200908[1]PVPe1","Pvaldensis|DOUVERA_200908_1ID","PROASELLUS_VALDENSIS"
"28S;COI;16S;AM4","DOVJEZ","46.11553","14.47483","PROASELLUS_SP2|DOVJEZ_200910","PROASELLUS_SP2","PROASELLUS_SP2|DOVJEZ_200910[B1]PspL2","Psp2|DOVJEZ_200910_2","PROASELLUS_VULGARIS"
"16S;16S;28S;COI;AM4","DOVJEZ","46.11553","14.47483","PROASELLUS_VULGARIS|DOVJEZ_200910","PROASELLUS_VULGARIS","PROASELLUS_VULGARIS|DOVJEZ_200910[1]PVuL1","Pvulgaris|DOVJEZ_200910_1ID","PROASELLUS_VULGARIS"
"28S;16S;16S;AM4;COI","DOVJEZ","46.11553","14.47483","PROASELLUS_DEMINUTUS|DOVJEZ_200910","PROASELLUS_DEMINUTUS","PROASELLUS_DEMINUTUS|DOVJEZ_200910[1]PDL1","Pdeminutus|DOVJEZ_200910_1ID","PROASELLUS_DEMINUTUS"
"28S;COI;AM4;16S","DOVJEZ","46.11553","14.47483","PROASELLUS_SP|DOVJEZ_200910","PROASELLUS_SP","PROASELLUS_SP|DOVJEZ_200910[F]PspL4","Psp|DOVJEZ_200910_4","PROASELLUS_DEMINUTUS"
"28S;AM4;16S;16S;COI;COI","DROBEAUR","44.55286","5.52482","PROASELLUS_WALTERI|DROBEAUR_201204","PROASELLUS_WALTERI","PROASELLUS_WALTERI|DROBEAUR_201204[INCONNU]W0748","Pwalteri|DROBEAUR_201204_W0748","PROASELLUS_SYNASELLOIDES"
"COI;16S;COI;AM4;28S","DROEURRE","44.74124","4.94716","PROASELLUS_WALTERI|DROEURRE_201204","PROASELLUS_WALTERI","PROASELLUS_WALTERI|DROEURRE_201204[INCONNU]W0848","Pwalteri|DROEURRE_201204_W0848","PROASELLUS_SYNASELLOIDES"
"16S;COI;28S;AM4","DROLABAT","44.511897","5.622011","PROASELLUS_WALTERI|DROLABAT_201004","PROASELLUS_WALTERI","PROASELLUS_WALTERI|DROLABAT_201004[1]PWDLB1","Pwalteri|DROLABAT_201004_1","PROASELLUS_WALTERI"
"AM4;16S;COI;28S","DROSATO2","39.735146","19.740992","PROASELLUS_COXALIS|DROSATO2_201203","PROASELLUS_COXALIS","PROASELLUS_COXALIS|DROSATO2_201203[A1]PCoDr1","Pcoxalis|DROSATO2_201203_1ID","PROASELLUS_COXALIS"
"AM4;COI;16S;28S","EBENTAL","45.728558","14.872686","PROASELLUS_SP|EBENTAL_201407","PROASELLUS_SP","PROASELLUS_SP|EBENTAL_201407[B1]PspEb1","Psp|EBENTAL_201407_1","PROASELLUS_SLOVENICUS"
"AM4;28S;COI;16S","EBENTAL","45.728558","14.872686","PROASELLUS_SP|EBENTAL_201407","PROASELLUS_SP","PROASELLUS_SP|EBENTAL_201407[B2]PspEb2","Psp|EBENTAL_201407_2","PROASELLUS_SLOVENICUS"
"28S;AM4;AM4;16S;COI;28S","EBRON","40.14534","-1.31605","STENASELLUS_VIREI_ROUCHI|EBRON_200910","STENASELLUS_VIREI_ROUCHI","STENASELLUS_VIREI_ROUCHI|EBRON_200910[1v]SVRE1","Svireirouchi|EBRON_200910_1ID","STENASELLUS_VIREI_ROUCHI"
"COI;16S;28S;AM4","EBRON","40.14534","-1.31605","PROASELLUS_MARGALEFI_CF|EBRON_200910","PROASELLUS_MARGALEFI_CF","PROASELLUS_MARGALEFI_CF|EBRON_200910[B]PMaE1","PmargalefiCF|EBRON_200910_1","PROASELLUS_MARGALEFI"
"AM4;28S;16S;COI","EPISKOPI","39.55809","20.866888","PROASELLUS_MONODI|EPISKOPI_201203","PROASELLUS_MONODI","PROASELLUS_MONODI|EPISKOPI_201203[A2]PMoE2","Pmonodi|EPISKOPI_201203_2ID","PROASELLUS_MONODI"
"28S;28S;16S;AM4;COI;OPS2","ETCHEVE","43.13806","-1.200278","PROASELLUS_SPELAEUS|ETCHEVE_200811","PROASELLUS_SPELAEUS","PROASELLUS_SPELAEUS|ETCHEVE_200811[A]PSSE1","Pspelaeus|ETCHEVE_200811_1","PROASELLUS_N_SP_ETCHEBERRIGARAY"
"AM4;16S;COI;COI;28S;28S","ETCHEVE","43.13806","-1.200278","PROASELLUS_SPELAEUS|ETCHEVE_200811","PROASELLUS_SPELAEUS","PROASELLUS_SPELAEUS|ETCHEVE_200811[B]PSSE2","Pspelaeus|ETCHEVE_200811_2","PROASELLUS_N_SP_ETCHEBERRIGARAY"
"COI;OPS2;28S;16S;AM4;OPS1","EVORA","38.60359","-7.87318","PROASELLUS_RECTUS|EVORA_201010","PROASELLUS_RECTUS","PROASELLUS_RECTUS|EVORA_201010[1]PRuE1","Prectus|EVORA_201010_1ID","PROASELLUS_RECTUS"
"AM4;COI;16S;28S","EYGUAM1","44.366081","5.464505","PROASELLUS_N_SP_VERCLAUSE2|EYGUAM1_201007","PROASELLUS_N_SP_VERCLAUSE2","PROASELLUS_N_SP_VERCLAUSE2|EYGUAM1_201007[2]PspE3","PnspVerclause2|EYGUAM1_201007_3","PROASELLUS_SYNASELLOIDES"
"COI;28S;28S;COI;16S;16S;AM4;AM4","FALGIERE","44.12804","3.89156","PROASELLUS_WALTERI|FALGIERE_201407","PROASELLUS_WALTERI","PROASELLUS_WALTERI|FALGIERE_201407[B1]F5","Pwalteri|FALGIERE_201407_F5","PROASELLUS_BOUI"
"COI;28S;AM4;16S","FAVARA","37.825218","13.810561","PROASELLUS_COXALIS|FAVARA_201203","PROASELLUS_COXALIS","PROASELLUS_COXALIS|FAVARA_201203[A1]PCoFv1","Pcoxalis|FAVARA_201203_1ID","PROASELLUS_COXALIS"
"28S;16S;COI;AM4","FAVARA","37.825218","13.810561","PROASELLUS_COXALIS|FAVARA_201203","PROASELLUS_COXALIS","PROASELLUS_COXALIS|FAVARA_201203[A2]PCoFv2","Pcoxalis|FAVARA_201203_2","PROASELLUS_COXALIS"
"28S;AM4;COI;16S","FGARIGLI","41.393451","13.876306","PROASELLUS_COXALIS|FGARIGLI_201203","PROASELLUS_COXALIS","PROASELLUS_COXALIS|FGARIGLI_201203[B1]PCoFg1","Pcoxalis|FGARIGLI_201203_1","PROASELLUS_COXALIS"
"COI;AM4;28S;16S","FIORARIV","42.656962","11.61909","PROASELLUS_SP|FIORARIV_201411","PROASELLUS_SP","PROASELLUS_SP|FIORARIV_201411[B2]PspFi2","Psp|FIORARIV_201411_2","PROASELLUS_ACUTIANUS"
"COI;AM4;16S;28S;AM4","FIORARIV","42.656962","11.61909","PROASELLUS_SP|FIORARIV_201411","PROASELLUS_SP","PROASELLUS_SP|FIORARIV_201411[B1]PspFi1","Psp|FIORARIV_201411_1","PROASELLUS_ACUTIANUS"
"COI;16S;16S;AM4;28S;28S","FIUMALTO","42.44472","9.473056","STENASELLUS_RACOVITZAI|FIUMALTO_200810","STENASELLUS_RACOVITZAI","STENASELLUS_RACOVITZAI|FIUMALTO_200810[M1]SRA1","Sracovitzai|FIUMALTO_200810_1","STENASELLUS_RACOVITZAI"
"28S;AM4;COI;16S","FIUSARNO","40.810181","14.606049","PROASELLUS_BANYULENSIS_POLYCHAETUS|FIUSARNO_201503","PROASELLUS_BANYULENSIS_POLYCHAETUS","PROASELLUS_BANYULENSIS_POLYCHAETUS|FIUSARNO_201503[B1]PCoFi2","Pbanyulensis_polychaetus|FIUSARNOI_201503_2","PROASELLUS_BANYULENSIS_POLYCHAETUS"
"COI;AM4;28S;16S","FIUSARNO","40.810181","14.606049","PROASELLUS_BANYULENSIS_POLYCHAETUS|FIUSARNO_201503","PROASELLUS_BANYULENSIS_POLYCHAETUS","PROASELLUS_BANYULENSIS_POLYCHAETUS|FIUSARNO_201503[A1]PCoFi1","Pbanyulensis_polychaetus|FIUSARNOI_201503_1ID","PROASELLUS_BANYULENSIS_POLYCHAETUS"
"AM4;16S;COI;28S","FONTANIL","43.752778","3.623056","STENASELLUS_BUILI|FONTANIL_200908","STENASELLUS_BUILI","STENASELLUS_BUILI|FONTANIL_200908[2]SBF1","Sbuili|FONTANIL_200908_1ID","STENASELLUS_BUILI"
"AM4;COI;16S;28S","FONTMAIN","47.09351","6.05768","PROASELLUS_STROUHALI|FONTMAIN_201006","PROASELLUS_STROUHALI","PROASELLUS_STROUHALI|FONTMAIN_201006[1]PStFm1","Pstrouhali|FONTMAIN_201006_1ID","PROASELLUS_STROUHALI"
"16S;AM4;28S;COI","FONTROI","46.03528","-0.464167","GALLASELLUS_HEILYI|FONTROI_200812","GALLASELLUS_HEILYI","GALLASELLUS_HEILYI|FONTROI_200812[1]GHR1","Gheyli|FONTROI_200812_1ID","GALLASELLUS_HEILYI"
"28S;AM4;16S;COI","FONTTOSI","45.561586","8.555128","PROASELLUS_N_SP_BERTOLAI|FONTTOSI_201504","PROASELLUS_N_SP_BERTOLAI","PROASELLUS_N_SP_BERTOLAI|FONTTOSI_201504[A1]PspBF1","PnspBertolai|FONTTOSI_201504_1ID","PROASELLUS_N_SP_BERTOLAI"
"COI;16S;28S;AM4","FONTTOSI","45.561586","8.555128","PROASELLUS_N_SP_BERTOLAI|FONTTOSI_201504","PROASELLUS_N_SP_BERTOLAI","PROASELLUS_N_SP_BERTOLAI|FONTTOSI_201504[A2]PspBF2","PnspBertolai|FONTTOSI_201504_2ID","PROASELLUS_N_SP_BERTOLAI"
"AM4;16S;28S;COI","FOUIGE","44.04515","7.57694","PROASELLUS_SP|FOUIGE_201108","PROASELLUS_SP","PROASELLUS_SP|FOUIGE_201108[B]PspFo1","Psp|FOUIGE_201108_1","PROASELLUS_N_SP_TENDE"
"16S;AM4;28S;COI","FOUIGE","44.04515","7.57694","PROASELLUS_SP|FOUIGE_201108","PROASELLUS_SP","PROASELLUS_SP|FOUIGE_201108[Bjuv]PspFo2","Psp|FOUIGE_201108_2","PROASELLUS_N_SP_TENDE"
"COI;COI;16S;16S;AM4;AM4;28S","FOUSTER","43.91028","2.222778","PROASELLUS_ALBIGENSIS|FOUSTER_200804","PROASELLUS_ALBIGENSIS","PROASELLUS_ALBIGENSIS|FOUSTER_200804[B]PAF1","Palbigensis|FOUSTER_200804_1","PROASELLUS_ALBIGENSIS"
"16S;28S;28S;AM4;AM4;COI;COI;16S","FPLATANO","40.608538","15.448686","PROASELLUS_COXALIS|FPLATANO_201405","PROASELLUS_COXALIS","PROASELLUS_COXALIS|FPLATANO_201405[A1]PCoFp1","Pcoxalis|FPLATANO_201405_1ID","PROASELLUS_COXALIS"
"COI;28S;16S;OPS1;OPS1;OPS1;AM4","FRAITE","46.525","5.733889","PROASELLUS_CAVATICUS|FRAITE_200711","PROASELLUS_CAVATICUS","PROASELLUS_CAVATICUS|FRAITE_200711[8]PCBF1","Pcavaticus|FRAITE_200711_1","PROASELLUS_CAVATICUS"
"28S;AM4;16S;COI","FRIES","43.42265","-5.08772","BRAGASELLUS_COMASI|FRIES_200906","BRAGASELLUS_COMASI","BRAGASELLUS_COMASI|FRIES_200906[1.]BCF1","Bcomasi|FRIES_200906_1ID","BRAGASELLUS_COMASI"
"28S;COI;COI;16S;28S;AM4","FRUNCU","40.56421","9.677943","STENASELLUS_SP|FRUNCU_201209","STENASELLUS_SP","STENASELLUS_SP|FRUNCU_201209[B1]SspF1","Ssp|FRUNCU_201209_1","STENASELLUS_N_SP_BUEMARI"
"AM4;28S;16S;COI","FRUNCU","40.56421","9.677943","PROASELLUS_RUFFOI|FRUNCU_201209","PROASELLUS_RUFFOI","PROASELLUS_RUFFOI|FRUNCU_201209[A1]PRfF1","Pruffoi|FRUNCU_201209_1ID","PROASELLUS_RUFFOI"
"COI;AM4;28S;16S","FRUNCU","40.56421","9.677943","PROASELLUS_RUFFOI|FRUNCU_201209","PROASELLUS_RUFFOI","PROASELLUS_RUFFOI|FRUNCU_201209[B1]PRfF2","Pruffoi|FRUNCU_201209_2","PROASELLUS_RUFFOI"
"16S;16S;AM4;COI;16S;28S;COI;AM4","FTANAXOS","35.307726","24.841462","PROASELLUS_MINOICUS|FTANAXOS_201410","PROASELLUS_MINOICUS","PROASELLUS_MINOICUS|FTANAXOS_201410[A1]PMnF1","Pminoicus|FTANAXOS_201410_1ID","PROASELLUS_MINOICUS"
"16S;28S;28S;AM4;AM4;COI","FTCIANE","37.041988","15.234864","PROASELLUS_WOLFI|FTCIANE_201405","PROASELLUS_WOLFI","PROASELLUS_WOLFI|FTCIANE_201405[A2]PWoF2","Pwolfi|FTCIANE_201405_2","PROASELLUS_WOLFI"
"16S;COI;AM4;28S;16S","FUESENTA","43.34588","-5.48251","STENASELLUS_VIREI_BUCHNERI|FUESENTA_200906","STENASELLUS_VIREI_BUCHNERI","STENASELLUS_VIREI_BUCHNERI|FUESENTA_200906[B.*]SVBF1","Svireibuchneri|FUESENTA_200906_1FID","STENASELLUS_VIREI_BUCHNERI"
"16S;AM4;28S;COI","FUESENTA","43.34588","-5.48251","STENASELLUS_VIREI_BUCHNERI|FUESENTA_200906","STENASELLUS_VIREI_BUCHNERI","STENASELLUS_VIREI_BUCHNERI|FUESENTA_200906[B.]SVBF2","Svireibuchneri|FUESENTA_200906_2","STENASELLUS_VIREI_BUCHNERI"
"AM4;16S;COI;28S","FUNTEZZA","40.212909","8.55895","PROASELLUS_EZZU|FUNTEZZA_201504","PROASELLUS_EZZU","PROASELLUS_EZZU|FUNTEZZA_201504[B1]PEzF2","Pezzu|FUNTEZZA_201504_2","PROASELLUS_EZZU"
"COI;28S;AM4;16S;28S","FUNTEZZA","40.212909","8.55895","PROASELLUS_EZZU|FUNTEZZA_201504","PROASELLUS_EZZU","PROASELLUS_EZZU|FUNTEZZA_201504[A1]PEzF1","Pezzu|FUNTEZZA_201504_1ID","PROASELLUS_EZZU"
"COI;COI;16S;AM4;28S","GABRIELE","38.103433","13.311207","PROASELLUS_N_SP_GABRIELE|GABRIELE_201407","PROASELLUS_N_SP_GABRIELE","PROASELLUS_N_SP_GABRIELE|GABRIELE_201407[A1]PspGa1","PspGabriele|GABRIELE_201407_1ID","PROASELLUS_N_SP_GABRIELE"
"28S;16S;AM4;AM4;28S;COI","GABRIELE","38.103433","13.311207","PROASELLUS_N_SP_GABRIELE|GABRIELE_201407","PROASELLUS_N_SP_GABRIELE","PROASELLUS_N_SP_GABRIELE|GABRIELE_201407[B1]PspGa2","PspGabriele|GABRIELE_201407_2","PROASELLUS_N_SP_GABRIELE"
"OPS1;OPS1;COI;AM4;16S;28S;28S","GAGGENAU","48.8028","8.32654","PROASELLUS_STROUHALI|GAGGENAU_200703","PROASELLUS_STROUHALI","PROASELLUS_STROUHALI|GAGGENAU_200703[VU]PStF3","Pstrouhali|GAGGENAU_200703_3","PROASELLUS_STROUHALI"
"AM4;OPS2;28S;16S;COI","GLANBACH","47.8101","13.02193","PROASELLUS_SLAVUS|GLANBACH_201009","PROASELLUS_SLAVUS","PROASELLUS_SLAVUS|GLANBACH_201009[1]PSlGl1","Pslavus|GLANBACH_201009_1ID","PROASELLUS_SLAVUS"
"OPS2;AM4;16S;COI;28S;OPS1;OPS1","GLINSCIC","45.620509","13.872278","PROASELLUS_ISTRIANUS|GLINSCIC_200701","PROASELLUS_ISTRIANUS","PROASELLUS_ISTRIANUS|GLINSCIC_200701[1]PIsB1","Pistrianus|GLINSCIC_200701_1ID","PROASELLUS_ISTRIANUS"
"AM4;28S;COI;16S","GOJAKOVI","42.98799","19.49634","PROASELLUS_ANOPHTALMUS|GOJAKOVI_201107","PROASELLUS_ANOPHTALMUS","PROASELLUS_ANOPHTALMUS|GOJAKOVI_201107[1]PAnG1","Panophtalmus|GOJAKOVI_201107_1ID","PROASELLUS_ANOPHTALMUS"
"28S;OPS2;COI;AM4;16S","GOLLING","47.58191","13.17079","PROASELLUS_SLAVUS|GOLLING_201009","PROASELLUS_SLAVUS","PROASELLUS_SLAVUS|GOLLING_201009[1]PSlG1","Pslavus|GOLLING_201009_1ID","PROASELLUS_SLAVUS"
"28S;AM4;COI;COI;16S;28S","GRCOLORU","40.818624","8.826292","PROASELLUS_PATRIZII|GRCOLORU_201504","PROASELLUS_PATRIZII","PROASELLUS_PATRIZII|GRCOLORU_201504[A1]PPG1","Ppatrizii|GRCOLORU_201504_1ID","PROASELLUS_PATRIZII"
"COI;28S;AM4;AM4;16S","GRCOLORU","40.818624","8.826292","PROASELLUS_PATRIZII|GRCOLORU_201504","PROASELLUS_PATRIZII","PROASELLUS_PATRIZII|GRCOLORU_201504[A2]PPG2","Ppatrizii|GRCOLORU_201504_2ID","PROASELLUS_PATRIZII"
"AM4;16S;28S;COI","GREATHSP","36.13649","-94.20289","LIRCEUS_HOPPINAE|GREATHSP_201606","LIRCEUS_HOPPINAE","LIRCEUS_HOPPINAE|GREATHSP_201606[A2]LiHoG2","LIRhoppinae|GREATHSP_201606_2","LIRCEUS_HOPPINAE"
"28S;16S;AM4;COI","GREATHSP","36.13649","-94.20289","LIRCEUS_HOPPINAE|GREATHSP_201606","LIRCEUS_HOPPINAE","LIRCEUS_HOPPINAE|GREATHSP_201606[A1]LiHoG1","LIRhoppinae|GREATHSP_201606_1ID","LIRCEUS_HOPPINAE"
"28S;28S;28S;16S;AM4;AM4;COI;COI;16S","GRGIOVAN","39.337182","8.627516","STENASELLUS_NURAGICUS|GRGIOVAN_201410","STENASELLUS_NURAGICUS","STENASELLUS_NURAGICUS|GRGIOVAN_201410[B1ost]SNuG1","Snuragicus|GRGIOVAN_201410_1FID","STENASELLUS_NURAGICUS"
"28S;COI;AM4;16S","GRMEGALI","39.7772","19.8908","PROASELLUS_COXALIS|GRMEGALI_201203","PROASELLUS_COXALIS","PROASELLUS_COXALIS|GRMEGALI_201203[A1]PCoGr1","Pcoxalis|GRMEGALI_201203_1ID","PROASELLUS_COXALIS"
"COI;28S;16S;AM4","GROTFOOS","46.254493","12.813839","PROASELLUS_SP|GROTFOOS_201203","PROASELLUS_SP","PROASELLUS_SP|GROTFOOS_201203[B2]PspGf2","Psp|GROTFOOS_201203_2","PROASELLUS_INTERMEDIUS"
"16S;COI;AM4;COI;28S","GROTFOOS","46.254493","12.813839","PROASELLUS_SP|GROTFOOS_201203","PROASELLUS_SP","PROASELLUS_SP|GROTFOOS_201203[B1]PspGf1","Psp|GROTFOOS_201203_1","PROASELLUS_INTERMEDIUS"
"COI;28S;AM4;16S","HAYTZA","43.22222","-1.345278","PROASELLUS_CHAUVINI|HAYTZA_200811","PROASELLUS_CHAUVINI","PROASELLUS_CHAUVINI|HAYTZA_200811[B]PChH2","Pchauvini|HAYTZA_200811_2","PROASELLUS_CHAUVINI"
"28S;COI;16S;AM4","HERODOTO","37.683057","20.831305","PROASELLUS_COXALIS|HERODOTO_201303","PROASELLUS_COXALIS","PROASELLUS_COXALIS|HERODOTO_201303[A2]PCoHe2","Pcoxalis|HERODOTO_201303_2ID","PROASELLUS_COXALIS"
"28S;COI;16S;AM4","HERODOTO","37.683057","20.831305","PROASELLUS_COXALIS|HERODOTO_201303","PROASELLUS_COXALIS","PROASELLUS_COXALIS|HERODOTO_201303[A1]PCoHe1","Pcoxalis|HERODOTO_201303_1ID","PROASELLUS_COXALIS"
"COI;AM4;28S;28S;16S;16S;COI","IDREIJCA","46.095202","13.833698","PROASELLUS_INTERMEDIUS|IDREIJCA_200908","PROASELLUS_INTERMEDIUS","PROASELLUS_INTERMEDIUS|IDREIJCA_200908[1]PIT1","Pintermedius|IDREIJCA_200908_1ID","PROASELLUS_INTERMEDIUS"
"16S;COI;28S;AM4","ILERHIN1","48.2523","7.67539","PROASELLUS_COXALIS|ILERHIN1_201409","PROASELLUS_COXALIS","PROASELLUS_COXALIS|ILERHIN1_201409[B1ant]PCo1I2","Pcoxalis|ILERHIN1_201409_2","PROASELLUS_COXALIS"
"AM4;28S;16S;16S;AM4;COI;28S","IRMINIO","36.788596","14.601872","PROASELLUS_WOLFI|IRMINIO_201307","PROASELLUS_WOLFI","PROASELLUS_WOLFI|IRMINIO_201307[A1]PWoI1_PWoI1bis","Pwolfi|IRMINIO_201307_1ID","PROASELLUS_WOLFI"
"COI;COI;AM4;16S;28S","JABRON","44.16769","5.92341","PROASELLUS_SYNASELLOIDES|JABRON_201003","PROASELLUS_SYNASELLOIDES","PROASELLUS_SYNASELLOIDES|JABRON_201003[B]PSJA2","Psynaselloides|JABRON_201003_2","PROASELLUS_SYNASELLOIDES"
"AM4;OPS2;16S;28S;COI","JALON","38.75669","-0.10486","PROASELLUS_JALONIACUS|JALON_200910","PROASELLUS_JALONIACUS","PROASELLUS_JALONIACUS|JALON_200910[1v]PJJ1","Pjaloniacus|JALON_200910_1ID","PROASELLUS_JALONIACUS"
"28S;COI;16S;AM4;16S;28S","JAMAPOD","45.81886","15.09865","PROASELLUS_SLOVENICUS|JAMAPOD_200409","PROASELLUS_SLOVENICUS","PROASELLUS_SLOVENICUS|JAMAPOD_200409[B]PSloP1","Pslovenicus|JAMAPOD_200409_1","PROASELLUS_SLOVENICUS"
"OPS1;COI;COI;AM4;16S;28S","JAMAPOD","45.81886","15.09865","PROASELLUS_SLOVENICUS|JAMAPOD_200409","PROASELLUS_SLOVENICUS","PROASELLUS_SLOVENICUS|JAMAPOD_200409[B]PSloP3","Pslovenicus|JAMAPOD_200409_3","PROASELLUS_SLOVENICUS"
"28S;16S;28S;AM4;AM4;COI","JESUS","38.13233","-2.96932","PROASELLUS_ESCOLAI_AFF|JESUS_200910","PROASELLUS_ESCOLAI_AFF","PROASELLUS_ESCOLAI_AFF|JESUS_200910[1v]PEcG1","PescolaiAFF|JESUS_200910_1ID","PROASELLUS_ESCOLAI_AFF"
"16S;28S;28S;AM4;COI","JIVERO2","43.30385","-3.57186","STENASELLUS_VIREI_BUCHNERI|JIVERO2_200906","STENASELLUS_VIREI_BUCHNERI","STENASELLUS_VIREI_BUCHNERI|JIVERO2_200906[B.*]SVBJ1","Svireibuchneri|JIVERO2_200906_1FID","STENASELLUS_VIREI_BUCHNERI"
"16S;OPS2;OPS2;OPS1;AM4;COI;28S","JIVERO2","43.30385","-3.57186","PROASELLUS_ORTIZI|JIVERO2_200906","PROASELLUS_ORTIZI","PROASELLUS_ORTIZI|JIVERO2_200906[B.]POJ3","Portizi|JIVERO2_200906_3","PROASELLUS_ORTIZI"
"28S;16S;COI;AM4","JOHNSOSP","36.707526","-82.699303","LIRCEUS_HARGERI|JOHNSOSP_201606","LIRCEUS_HARGERI","LIRCEUS_HARGERI|JOHNSOSP_201606[A2]LiHJ2","LIRhargeri|JOHNSOSP_201606_2ID","LIRCEUS_HARGERI"
"16S;28S;COI;AM4","JOHNSOSP","36.707526","-82.699303","LIRCEUS_HARGERI|JOHNSOSP_201606","LIRCEUS_HARGERI","LIRCEUS_HARGERI|JOHNSOSP_201606[A1]LiHJ1","LIRhargeri|JOHNSOSP_201606_1ID","LIRCEUS_HARGERI"
"28S;COI;AM4;16S","KLJUC","43.0927","18.48516","PROASELLUS_KARAMANI|KLJUC_201107","PROASELLUS_KARAMANI","PROASELLUS_KARAMANI|KLJUC_201107[1]PKK1","Pkaramani|KLJUC_201107_1ID","PROASELLUS_KARAMANI"
"COI;16S;AM4;28S","KLUZA","45.6001","13.8544","PROASELLUS_SLAVUS_HISTRIAE|KLUZA_201007","PROASELLUS_SLAVUS_HISTRIAE","PROASELLUS_SLAVUS_HISTRIAE|KLUZA_201007[B]PSlK2","Pslavushistriae|KLUZA_201007_2","PROASELLUS_SLAVUS_HISTRIAE"
"28S;28S;COI;16S;AM4;AM4","KOKKINI","39.754724","19.924761","PROASELLUS_MONODI_CF|KOKKINI_200903","PROASELLUS_MONODI_CF","PROASELLUS_MONODI_CF|KOKKINI_200903[1]PMoK1","PmonodiCF|KOKKINI_200903_1ID","PROASELLUS_MONODI"
"AM4;COI;16S;28S","KOSTANO","39.210665","20.717675","PROASELLUS_COXALIS|KOSTANO_201203","PROASELLUS_COXALIS","PROASELLUS_COXALIS|KOSTANO_201203[A1]PCoK1","Pcoxalis|KOSTANO_201203_1ID","PROASELLUS_COXALIS"
"AM4;28S;16S;COI","KPM28","35.31051","24.83732","PROASELLUS_MINOICUS_AFF|KPM28_201610","PROASELLUS_MINOICUS_AFF","PROASELLUS_MINOICUS_AFF|KPM28_201610[A1]PMnKp1","PminoicusAFF|KPM28_201610_1ID","PROASELLUS_MINOICUS"
"16S;16S;COI;AM4;28S","KRENICA","43.71194","16.72781","PROASELLUS_ANOPHTALMUS|KRENICA_201107","PROASELLUS_ANOPHTALMUS","PROASELLUS_ANOPHTALMUS|KRENICA_201107[1]PAnKe1","Panophtalmus|KRENICA_201107_1ID","PROASELLUS_ANOPHTALMUS"
"COI;AM4;AM4;COI;COI;28S;28S;28S;28S;28S;16S;16S","KURUZOVI","44.994153","15.651466","PROASELLUS_N_SP_KURUZOVICA|KURUZOVI_200611","PROASELLUS_N_SP_KURUZOVICA","PROASELLUS_N_SP_KURUZOVICA|KURUZOVI_200611[1]PspK1","PnspKuruzovica|KURUZOVI_200611_1ID","PROASELLUS_N_SP_KURUZOVICA"
"28S;16S;16S;COI;28S;AM4","LAALFRAN","41.59182","-0.76665","STENASELLUS_VIREI|LAALFRAN_201300","STENASELLUS_VIREI","STENASELLUS_VIREI|LAALFRAN_201300[1]SVL1","Svirei|LAALFRAN_201300_1ID","STENASELLUS_VIREI"
"16S;COI;28S;AM4;16S;COI","LAALFRAN","41.59182","-0.76665","BRAGASELLUS_LAGARIOIDES|LAALFRAN_201300","BRAGASELLUS_LAGARIOIDES","BRAGASELLUS_LAGARIOIDES|LAALFRAN_201300[1]BLL2","Blagarioides|LAALFRAN_201300_2","BRAGASELLUS_LAGARIOIDES"
"COI;28S;AM4;16S","LAFINOU","44.87955","1.61442","PROASELLUS_MERIDIANUS|LAFINOU_201011","PROASELLUS_MERIDIANUS","PROASELLUS_MERIDIANUS|LAFINOU_201011[1]PML1","Pmeridianus|LAFINOU_201011_1ID","PROASELLUS_MERIDIANUS"
"OPS1;COI;COI;AM4;AM4;28S;28S;OPS1;OPS1;OPS1;OPS1;16S;16S;COI","LAMINA","43.14528","-0.925833","PROASELLUS_VANDELI|LAMINA_200811","PROASELLUS_VANDELI","PROASELLUS_VANDELI|LAMINA_200811[B]PVaL1","Pvandeli|LAMINA_200811_1","PROASELLUS_VANDELI"
"AM4;AM4;16S;COI;28S","LAPENNE","44.2424","5.22722","PROASELLUS_N_SP_VERCLAUSE|LAPENNE_201002","PROASELLUS_N_SP_VERCLAUSE","PROASELLUS_N_SP_VERCLAUSE|LAPENNE_201002[1]PspO1","PnspVerclause|LAPENNE_201002_1ID","PROASELLUS_N_SP_VERCLAUSE"
"16S;28S;COI;COI;AM4;OPS1","LAUZIE","43.90972","2.233889","PROASELLUS_ALBIGENSIS|LAUZIE_200804","PROASELLUS_ALBIGENSIS","PROASELLUS_ALBIGENSIS|LAUZIE_200804[1]PAL2","Palbigensis|LAUZIE_200804_2ID","PROASELLUS_ALBIGENSIS"
"AM4;16S;28S;28S;AM4;COI","LEDENJA","43.523611","18.664722","PROASELLUS_HERCEGOVINENSIS|LEDENJA_200508","PROASELLUS_HERCEGOVINENSIS","PROASELLUS_HERCEGOVINENSIS|LEDENJA_200508[B]PHeF2","Phercegovinensis|LEDENJA_200508_2","PROASELLUS_HERCEGOVINENSIS"
"28S;16S;AM4;OPS2;COI","LEGACAO","40.03177","-8.46979","PROASELLUS_ARTHRODILUS|LEGACAO_201010","PROASELLUS_ARTHRODILUS","PROASELLUS_ARTHRODILUS|LEGACAO_201010[B]PAtL2","Parthrodilus|LEGACAO_201010_2","PROASELLUS_ARTHRODILUS"
"COI;AM4;28S;28S;16S","LEMARTIN","44.15654","3.84096","PROASELLUS_WALTERI|LEMARTIN_201407","PROASELLUS_WALTERI","PROASELLUS_WALTERI|LEMARTIN_201407[A1]D2","Pwalteri|LEMARTIN_201407_D2ID","PROASELLUS_WALTERI"
"28S;AM4;AM4;COI;16S;28S;28S","LENTIGI","36.83188","-3.68367","PROASELLUS_N_SP_LENTEGI|LENTIGI_201010","PROASELLUS_N_SP_LENTEGI","PROASELLUS_N_SP_LENTEGI|LENTIGI_201010[1]PspLe1","PnspLentegi|LENTIGI_201010_1ID","PROASELLUS_N_SP_LENTEGI"
"COI;28S;16S;AM4;28S","LENTIGI","36.83188","-3.68367","PROASELLUS_N_SP_LENTEGI|LENTIGI_201010","PROASELLUS_N_SP_LENTEGI","PROASELLUS_N_SP_LENTEGI|LENTIGI_201010[B]PspLe2","PnspLentegi|LENTIGI_201010_2","PROASELLUS_N_SP_LENTEGI"
"16S;AM4;28S;COI","LESDUYES","44.04098","6.10267","PROASELLUS_SYNASELLOIDES|LESDUYES_201003","PROASELLUS_SYNASELLOIDES","PROASELLUS_SYNASELLOIDES|LESDUYES_201003[1]PSDU1","Psynaselloides|LESDUYES_201003_1ID","PROASELLUS_SYNASELLOIDES"
"COI;28S;AM4;16S;16S;16S;28S;COI","LESDUYES","44.04098","6.10267","PROASELLUS_SP_LESDUYES|LESDUYES_201007","PROASELLUS_SP_LESDUYES","PROASELLUS_SP_LESDUYES|LESDUYES_201007[B]PspMs1","PspLesduyes|LESDUYES_201007_1","PROASELLUS_N_SP_JABRONH2"
"16S;AM4;28S;COI","LJUTASPR","42.5401","18.38041","PROASELLUS_ANOPHTALMUS|LJUTASPR_201107","PROASELLUS_ANOPHTALMUS","PROASELLUS_ANOPHTALMUS|LJUTASPR_201107[1]PAnL1","Panophtalmus|LJUTASPR_201107_1ID","PROASELLUS_ANOPHTALMUS"
"AM4;28S;COI;16S","LJUTASPR","42.5401","18.38041","PROASELLUS_ANOPHTALMUS|LJUTASPR_201107","PROASELLUS_ANOPHTALMUS","PROASELLUS_ANOPHTALMUS|LJUTASPR_201107[2]PAnL2","Panophtalmus|LJUTASPR_201107_2ID","PROASELLUS_ANOPHTALMUS"
"COI;28S;16S;AM4","LKAIAFA","37.493608","21.618405","PROASELLUS_COXALIS|LKAIAFA_201303","PROASELLUS_COXALIS","PROASELLUS_COXALIS|LKAIAFA_201303[A1]PCoLk1","Pcoxalis|LKAIAFA_201303_1ID","PROASELLUS_COXALIS"
"COI;28S;AM4;16S","LOMBARD","44.88191","1.61637","PROASELLUS_MERIDIANUS|LOMBARD_201011","PROASELLUS_MERIDIANUS","PROASELLUS_MERIDIANUS|LOMBARD_201011[1]PMLo1","Pmeridianus|LOMBARD_201011_1ID","PROASELLUS_MERIDIANUS"
"28S;AM4;16S;COI","LUSCROIX","44.6565","5.71148","PROASELLUS_SYNASELLOIDES|LUSCROIX_201003","PROASELLUS_SYNASELLOIDES","PROASELLUS_SYNASELLOIDES|LUSCROIX_201003[1]PSCR1","Psynaselloides|LUSCROIX_201003_1ID","PROASELLUS_SYNASELLOIDES"
"AM4;16S;28S;COI;OPS1;OPS2;OPS2","MADIRA","44.23552","9.63908","PROASELLUS_LIGUSTICUS|MADIRA_200904","PROASELLUS_LIGUSTICUS","PROASELLUS_LIGUSTICUS|MADIRA_200904[B]PLC2","Pligusticus|MADIRA_200904_2","PROASELLUS_LIGUSTICUS"
"28S;OPS2;16S;OPS1;COI;16S;28S;AM4;OPS1","MADIRA","44.23552","9.63908","PROASELLUS_LIGUSTICUS|MADIRA_200904","PROASELLUS_LIGUSTICUS","PROASELLUS_LIGUSTICUS|MADIRA_200904[1]PLC1","Pligusticus|MADIRA_200904_1ID","PROASELLUS_LIGUSTICUS"
"16S;COI;28S;28S;16S;AM4;COI","MAGLIA","43.97152","7.47518","PROASELLUS_N_SP_MAGLIA|MAGLIA_200908","PROASELLUS_N_SP_MAGLIA","PROASELLUS_N_SP_MAGLIA|MAGLIA_200908[1]PspMB1","PnspMaglia|MAGLIA_200908_1ID","PROASELLUS_N_SP_MAGLIA"
"28S;16S;AM4;COI","MALECNI2","46.55427","15.69569","PROASELLUS_DEMINUTUS|MALECNI2_201009","PROASELLUS_DEMINUTUS","PROASELLUS_DEMINUTUS|MALECNI2_201009[1]PDMl1","Pdeminutus|MALECNI2_201009_1ID","PROASELLUS_DEMINUTUS"
"16S;COI;AM4;28S;28S","MALENIC2","42.63259","19.01171","PROASELLUS_ANOPHTALMUS|MALENIC2_201107","PROASELLUS_ANOPHTALMUS","PROASELLUS_ANOPHTALMUS|MALENIC2_201107[1]PAnMa1","Panophtalmus|MALENIC2_201107_1ID","PROASELLUS_ANOPHTALMUS"
"28S;COI;16S;AM4;AM4","MALPASSO","41.765623","12.430644","PROASELLUS_LIGUSTICUS_AFF|MALPASSO_201212","PROASELLUS_LIGUSTICUS_AFF","PROASELLUS_LIGUSTICUS_AFF|MALPASSO_201212[A1]PLMa1","Pligusticus|MALPASSO_201212_1ID","PROASELLUS_AMITERNINUS"
"28S;28S;28S;AM4;COI;16S","MANITPEC","44.32","15.48","PROASELLUS_ANOPHTALMUS|MANITPEC_201509","PROASELLUS_ANOPHTALMUS","PROASELLUS_ANOPHTALMUS|MANITPEC_201509[A3]PAnMc3","Panophtalmus|MANITPEC_201509_3","PROASELLUS_ANOPHTALMUS"
"AM4;28S;28S;28S;COI;16S","MANITPEC","44.32","15.48","PROASELLUS_ANOPHTALMUS|MANITPEC_201509","PROASELLUS_ANOPHTALMUS","PROASELLUS_ANOPHTALMUS|MANITPEC_201509[A1]PAnMc1","Panophtalmus|MANITPEC_201509_1ID","PROASELLUS_ANOPHTALMUS"
"COI;16S;28S;AM4","MARFIL","42.86092","-3.59298","BRAGASELLUS_LAGARIOIDES|MARFIL_200906","BRAGASELLUS_LAGARIOIDES","BRAGASELLUS_LAGARIOIDES|MARFIL_200906[B]BLM1","Blagarioides|MARFIL_200906_1","BRAGASELLUS_LAGARIOIDES"
"OPS1;OPS1;OPS2;AM4;COI;28S;16S","MARFIL","42.86092","-3.59298","PROASELLUS_EBRENSIS|MARFIL_200906","PROASELLUS_EBRENSIS","PROASELLUS_EBRENSIS|MARFIL_200906[1.]PEM1","Pebrensis|MARFIL_200906_1ID","PROASELLUS_EBRENSIS"
"OPS1;16S;COI;AM4;28S","MARGHE","44.27222","9.6571","PROASELLUS_MICROPECTINATUS|MARGHE_200904","PROASELLUS_MICROPECTINATUS","PROASELLUS_MICROPECTINATUS|MARGHE_200904[1]PMiM1","Pmicropectinatus|MARGHE_200904_1ID","PROASELLUS_MICROPECTINATUS"
"AM4;28S;16S;COI","MATARRA","40.92964","0.10431","PROASELLUS_LESCHERAE|MATARRA_200910","PROASELLUS_LESCHERAE","PROASELLUS_LESCHERAE|MATARRA_200910[Bv]PLeM2","Plescherae|MATARRA_200910_2","PROASELLUS_LESCHERAE"
"COI;AM4;AM4;28S;28S;16S;16S","MAZANDAR","36.664165","51.180869","PROASELLUS_N_SP_MAZANDRAN|MAZANDAR_200910","PROASELLUS_N_SP_MAZANDRAN","PROASELLUS_N_SP_MAZANDRAN|MAZANDAR_200910[F]PspIM1","PnspMazandran|MAZANDAR_200910_1","PROASELLUS_N_SP_MAZANDRAN"
"COI;COI;28S;16S;AM4","MECINA","36.98795","-3.14993","PROASELLUS_N_SP_MECINA|MECINA_201010","PROASELLUS_N_SP_MECINA","PROASELLUS_N_SP_MECINA|MECINA_201010[1]PspMc1","PnspMecina|MECINA_201010_1ID","PROASELLUS_N_SP_MECINA"
"28S;AM4;16S;16S;COI;COI","MENGIANU","39.794689","9.006935","PROASELLUS_RUFFOI_CF|MENGIANU_201003","PROASELLUS_RUFFOI_CF","PROASELLUS_RUFFOI_CF|MENGIANU_201003[1]PRfM1","PruffoiCF|MENGIANU_201003_1ID","PROASELLUS_RUFFOI_CF"
"16S;AM4;28S;COI","MEREMIL","39.597661","-0.84881","PROASELLUS_MARGALEFI|MEREMIL_200910","PROASELLUS_MARGALEFI","PROASELLUS_MARGALEFI|MEREMIL_200910[1]PMaF1","Pmargalefi|MEREMIL_200910_1ID","PROASELLUS_MARGALEFI"
"OPS2;OPS2;28S;COI;AM4;16S","MEREMIL","39.597661","-0.84881","BRAGASELLUS_LAGARI|MEREMIL_200910","BRAGASELLUS_LAGARI","BRAGASELLUS_LAGARI|MEREMIL_200910[1]BLaF1","Blagari|MEREMIL_200910_1ID","BRAGASELLUS_LAGARI"
"28S;AM4;16S;COI","MERIGNY","46.64083","0.934722","GALLASELLUS_HEILYI|MERIGNY_200908","GALLASELLUS_HEILYI","GALLASELLUS_HEILYI|MERIGNY_200908[J]PspMe1","Psp|MERIGNY_200908_1","GALLASELLUS_HEILYI"
"COI;COI;16S;16S;28S;AM4","MERLEVEN","47.727395","-3.265807","PROASELLUS_STROUHALI|MERLEVEN_201208","PROASELLUS_STROUHALI","PROASELLUS_STROUHALI|MERLEVEN_201208[1]PStMe1","Pstrouhali|MERLEVEN_201208_1ID","PROASELLUS_STROUHALI"
"AM4;16S;16S;OPS1;OPS1;OPS1;28S;COI;COI","MESCLA","43.9125","7.185833","PROASELLUS_N_SP_MESCLA|MESCLA_200904","PROASELLUS_N_SP_MESCLA","PROASELLUS_N_SP_MESCLA|MESCLA_200904[20]PspM20","PnspMescla|MESCLA_200904_20","PROASELLUS_N_SP_MESCLA"
"28S;AM4;OPS1;COI;16S","MESCLA","43.9125","7.185833","PROASELLUS_N_SP_MESCLA|MESCLA_200904","PROASELLUS_N_SP_MESCLA","PROASELLUS_N_SP_MESCLA|MESCLA_200904[21]PspM21","PnspMescla|MESCLA_200904_21","PROASELLUS_N_SP_MESCLA"
"OPS2;AM4;COI;COI;28S;16S;OPS2;OPS2;OPS2","MESCLA","43.9125","7.185833","PROASELLUS_ROUCHI|MESCLA_200904","PROASELLUS_ROUCHI","PROASELLUS_ROUCHI|MESCLA_200904[1]PRM1","Prouchi|MESCLA_200904_1ID","PROASELLUS_ROUCHI"
"28S;AM4;16S;COI;COI","MESKLASP","35.400157","23.956114","PROASELLUS_SP|MESKLASP_201610","PROASELLUS_SP","PROASELLUS_SP|MESKLASP_201610[A2]PCoMe2","Psp|MESKLASP_201610_2ID","PROASELLUS_COXALIS"
"16S;28S;AM4;COI","MESKLASP","35.400157","23.956114","PROASELLUS_SP|MESKLASP_201610","PROASELLUS_SP","PROASELLUS_SP|MESKLASP_201610[A1]PCoMe1","Psp|MESKLASP_201610_1ID","PROASELLUS_COXALIS"
"AM4;28S;16S;COI;28S","MEXILHOE","37.160584","-8.61341","STENASELLUS_SP_MEXILHOE|MEXILHOE_200909","STENASELLUS_SP_MEXILHOE","STENASELLUS_SP_MEXILHOE|MEXILHOE_200909[1F]SspM2","SspMexilhoe|MexILHOE_200909_2FID","STENASELLUS_SP_MEXILHOE"
"28S;AM4;COI;16S;28S","MEXILHOE","37.160584","-8.61341","STENASELLUS_SP_MEXILHOE|MEXILHOE_200909","STENASELLUS_SP_MEXILHOE","STENASELLUS_SP_MEXILHOE|MEXILHOE_200909[1]SspM1","SspMexilhoe|MexILHOE_200909_1ID","STENASELLUS_SP_MEXILHOE"
"COI;28S;OPS2;16S;AM4","MEZIO","41.28193","-8.30839","BRAGASELLUS_PELTATUS|MEZIO_201010","BRAGASELLUS_PELTATUS","BRAGASELLUS_PELTATUS|MEZIO_201010[1]BPM1","Bpeltatus|MEZIO_201010_1ID","BRAGASELLUS_PELTATUS"
"AM4;COI;16S;16S;28S;28S;AM4;COI","MEZIO","41.28193","-8.30839","SYNASELLUS_SP_MEZIO|MEZIO_201110","SYNASELLUS_SP_MEZIO","SYNASELLUS_SP_MEZIO|MEZIO_201110[B]PspMz1","Psp_ou_Bsp|MEZIO_201110_1","SYNASELLUS_SP_MEZIO"
"28S;AM4;AM4;AM4;16S;COI","MIJARES","40.03","-0.35","PROASELLUS_LESCHERAE|MIJARES_200910","PROASELLUS_LESCHERAE","PROASELLUS_LESCHERAE|MIJARES_200910[1v]PLeMi1","Plescherae|MIJARES_200910_1ID","PROASELLUS_LESCHERAE"
"16S;16S;AM4;AM4;COI;COI;28S","MILANDRE","47.4851","7.01634","PROASELLUS_CAVATICUS|MILANDRE_201411","PROASELLUS_CAVATICUS","PROASELLUS_CAVATICUS|MILANDRE_201411[A1]PCMi1","Pcavaticus|MILANDRE_201411_1ID","PROASELLUS_CAVATICUS"
"COI;AM4;16S;28S","MILMONDI","50.375087","5.038464","PROASELLUS_HERMALLENSIS|MILMONDI_200807","PROASELLUS_HERMALLENSIS","PROASELLUS_HERMALLENSIS|MILMONDI_200807[B1]PHM1","Phermallensis|MILMONDI_200807_1","PROASELLUS_HERMALLENSIS"
"28S;AM4;16S;COI;COI","MOCILJSK","42.68907","18.07178","PROASELLUS_ANOPHTALMUS_DALMATINUS|MOCILJSK_201107","PROASELLUS_ANOPHTALMUS_DALMATINUS","PROASELLUS_ANOPHTALMUS_DALMATINUS|MOCILJSK_201107[1]PAnM1","Panophtalmusdalmatinus|MOCILJSK_201107_1ID","PROASELLUS_ANOPHTALMUS_DALMATINUS"
"COI;AM4;16S;16S;28S","MODROOKO","43.041714","17.532552","PROASELLUS_SP_MODROOKO|MODROOKO_200704","PROASELLUS_SP_MODROOKO","PROASELLUS_SP_MODROOKO|MODROOKO_200704[1F]PspMo1","PspModrooko|MODROOKO_200704_1FID","PROASELLUS_SP_MODROOKO"
"COI;AM4;28S;16S","MONFIEIS","44.36042","7.26581","PROASELLUS_N_SP_MARTINO_AFF|MONFIEIS_201004","PROASELLUS_N_SP_MARTINO_AFF","PROASELLUS_N_SP_MARTINO_AFF|MONFIEIS_201004[1]PspMf1","PnspMartinoAFF|MONFIEIS_201004_1ID","PROASELLUS_N_SP_MARTINO_AFF"
"28S;16S;AM4;COI","MONREALE","38.009727","13.251476","PROASELLUS_COXALIS|MONREALE_201110","PROASELLUS_COXALIS","PROASELLUS_COXALIS|MONREALE_201110[A1]PCoMo1","Pcoxalis|MONREALE_201110_1ID","PROASELLUS_COXALIS"
"AM4;16S;16S;COI;28S;OPS1;OPS2","MONTEMOR","38.65417","-8.22641","PROASELLUS_RECTANGULATUS|MONTEMOR_201010","PROASELLUS_RECTANGULATUS","PROASELLUS_RECTANGULATUS|MONTEMOR_201010[B]PRcM2","Prectangulatus|MONTEMOR_201010_2","PROASELLUS_RECTANGULATUS"
"OPS1;OPS2;OPS2;28S;16S;COI;AM4","MONTEMOR","38.65417","-8.22641","PROASELLUS_RECTANGULATUS|MONTEMOR_201010","PROASELLUS_RECTANGULATUS","PROASELLUS_RECTANGULATUS|MONTEMOR_201010[1]PRcM1","Prectangulatus|MONTEMOR_201010_1ID","PROASELLUS_RECTANGULATUS"
"16S;COI;AM4;28S","MONTMAUR","44.56021","5.89191","PROASELLUS_SYNASELLOIDES|MONTMAUR_201003","PROASELLUS_SYNASELLOIDES","PROASELLUS_SYNASELLOIDES|MONTMAUR_201003[B1]PSMO6","Psynaselloides|MONTMAUR_201003_6","PROASELLUS_N_SP_VERCLAUSE"
"COI;28S;AM4;16S;16S;COI","MONTMAUR","44.56021","5.89191","PROASELLUS_SYNASELLOIDES|MONTMAUR_201003","PROASELLUS_SYNASELLOIDES","PROASELLUS_SYNASELLOIDES|MONTMAUR_201003[INCONNU]PSMO3","Psynaselloides|MONTMAUR_201003_3","PROASELLUS_SYNASELLOIDES"
"AM4;AM4;COI;16S;28S","MONZON","41.91594","0.17631","PROASELLUS_LESCHERAE|MONZON_200906","PROASELLUS_LESCHERAE","PROASELLUS_LESCHERAE|MONZON_200906[1]PLeC1","Plescherae|MONZON_200906_1ID","PROASELLUS_LESCHERAE"
"16S;28S;AM4;COI","MONZON","41.91594","0.17631","PROASELLUS_LESCHERAE|MONZON_200906","PROASELLUS_LESCHERAE","PROASELLUS_LESCHERAE|MONZON_200906[B.]PLeC2","Plescherae|MONZON_200906_2","PROASELLUS_LESCHERAE"
"16S;AM4;COI;28S","MORA","37.7857","-6.83335","STENASELLUS_GALHANOAE|MORA_201010","STENASELLUS_GALHANOAE","STENASELLUS_GALHANOAE|MORA_201010[1]SGM1","Sgalhanoae|MORA_201010_1ID","STENASELLUS_GALHANOAE"
"COI;COI;AM4;28S;16S","MORA","37.7857","-6.83335","STENASELLUS_GALHANOAE|MORA_201010","STENASELLUS_GALHANOAE","STENASELLUS_GALHANOAE|MORA_201010[2]SGM2","Sgalhanoae|MORA_201010_2","STENASELLUS_GALHANOAE"
"28S;COI;28S;AM4;16S;28S","MORAICA","42.76678","19.39057","PROASELLUS_ANOPHTALMUS|MORAICA_201107","PROASELLUS_ANOPHTALMUS","PROASELLUS_ANOPHTALMUS|MORAICA_201107[1]PAnMo1","Panophtalmus|MORAICA_201107_1ID","PROASELLUS_ANOPHTALMUS"
"28S;16S;COI;AM4","MUGNONE","43.81933","11.29332","PROASELLUS_FAESULANUS|MUGNONE_200904","PROASELLUS_FAESULANUS","PROASELLUS_FAESULANUS|MUGNONE_200904[B1]PFaM3","Pfaesulanus|MUGNONE_200904_3","PROASELLUS_FAESULANUS"
"28S;OPS2;16S;AM4;COI","MUNDO","38.48366","-2.36152","PROASELLUS_MEIJERSAE|MUNDO_200910","PROASELLUS_MEIJERSAE","PROASELLUS_MEIJERSAE|MUNDO_200910[Bm]PMjM3","Pmejersae|MUNDO_200910_3","PROASELLUS_MEIJERSAE"
"28S;28S;28S;COI;COI;16S;16S;AM4;AM4","NACASON","43.20248","-3.58703","STENASELLUS_VIREI|NACASON_201110","STENASELLUS_VIREI","STENASELLUS_VIREI|NACASON_201110[B]SspN1","Svireisp|NACASON_201110_1","STENASELLUS_SP_NACASON"
"28S;AM4;16S;COI;OPS2;OPS1","NACEDERO","42.97672","-1.9184","PROASELLUS_NAVARRENSIS|NACEDERO_200906","PROASELLUS_NAVARRENSIS","PROASELLUS_NAVARRENSIS|NACEDERO_200906[1.]PNN1","Pnavarrensis|NACEDERO_200906_1ID","PROASELLUS_NAVARRENSIS"
"COI;16S;28S;AM4","NACGANDA","43.19399","-3.58217","PROASELLUS_CANTABRICUS|NACGANDA_201110","PROASELLUS_CANTABRICUS","PROASELLUS_CANTABRICUS|NACGANDA_201110[1]PCanN1","Pcantabricus|NACGANDA_201110_1ID","PROASELLUS_CANTABRICUS"
"COI;16S;AM4;28S","NACGANDA","43.19399","-3.58217","PROASELLUS_ORTIZI|NACGANDA_201110","PROASELLUS_ORTIZI","PROASELLUS_ORTIZI|NACGANDA_201110[1]PON1","Portizi|NACGANDA_201110_1ID","PROASELLUS_ORTIZI"
"AM4;OPS2;28S;28S;COI;16S;OPS1","NAVAILLO","43.56129","-1.05223","PROASELLUS_COIFFAITI|NAVAILLO_200906","PROASELLUS_COIFFAITI","PROASELLUS_COIFFAITI|NAVAILLO_200906[2.]PCoiN2","Pcoiffaiti|NAVAILLO_200906_2ID","PROASELLUS_COIFFAITI"
"COI;16S;AM4;28S","NEBLONPR","50.41642","5.455299","PROASELLUS_HERMALLENSIS|NEBLONPR_200807","PROASELLUS_HERMALLENSIS","PROASELLUS_HERMALLENSIS|NEBLONPR_200807[1]PHN1","Phermallensis|NEBLONPR_200807_1ID","PROASELLUS_HERMALLENSIS"
"28S;16S;COI;AM4;28S;28S","NIMIS","46.18897","13.2517","PROASELLUS_N_SP1_NIMIS|NIMIS_201405","PROASELLUS_N_SP1_NIMIS","PROASELLUS_N_SP1_NIMIS|NIMIS_201405[A1]Psp1N1","Pnsp1Nimis|NIMIS_201405_1ID","PROASELLUS_INTERMEDIUS"
"16S;28S;COI;AM4","OGOF","51.82441","-3.67296","PROASELLUS_CAVATICUS|OGOF_200308","PROASELLUS_CAVATICUS","PROASELLUS_CAVATICUS|OGOF_200308[MALEID]PCO4","Pcavaticus|OGOF_200308_4ID","PROASELLUS_CAVATICUS"
"16S;COI;28S;28S;AM4","ORFES","42.17053","2.86924","STENASELLUS_VIREI_ANGELIERI|ORFES_200906","STENASELLUS_VIREI_ANGELIERI","STENASELLUS_VIREI_ANGELIERI|ORFES_200906[B.]SVAO2","Svireiangelieri|ORFES_200906_2","STENASELLUS_VIREI_ANGELIERI"
"COI;28S;AM4;16S;COI","ORLOVAC","43.67218","16.77431","PROASELLUS_ANOPHTALMUS|ORLOVAC_201107","PROASELLUS_ANOPHTALMUS","PROASELLUS_ANOPHTALMUS|ORLOVAC_201107[1]PAnO1","Panophtalmus|ORLOVAC_201107_1ID","PROASELLUS_ANOPHTALMUS"
"28S;OPS1;COI;16S;AM4","ORSO","44.11861","7.874444","PROASELLUS_FRANCISCOLOI|ORSO_200801","PROASELLUS_FRANCISCOLOI","PROASELLUS_FRANCISCOLOI|ORSO_200801[maleID]PFO1a_PFO1b","Pfranciscoloi|ORSO_200801_1ID","PROASELLUS_FRANCISCOLOI"
"28S;AM4;COI;16S;16S","ORTAMIN","42.31861","9.150833","PROASELLUS_SP|ORTAMIN_200810","PROASELLUS_SP","PROASELLUS_SP|ORTAMIN_200810[B]PspMi1","Psp|ORTAMIN_200810_1","PROASELLUS_BERONI"
"28S;COI;AM4;28S;16S","OSOJ1","40.951072","20.776433","PROASELLUS_GJORGJEVICI_LITORALIS|OSOJ1_200909","PROASELLUS_GJORGJEVICI_LITORALIS","PROASELLUS_GJORGJEVICI_LITORALIS|OSOJ1_200909[1]PGjO1","Pgjorgjevicilitoralis|OSOJ1_200909_1ID","PROASELLUS_GJORGJEVICI_LITORALIS"
"AM4;28S;COI;16S;AM4;AM4;AM4","OSOJ1","40.951072","20.776433","PROASELLUS_ARNAUTOVICI_ARNAUTOVICI|OSOJ1_200909","PROASELLUS_ARNAUTOVICI_ARNAUTOVICI","PROASELLUS_ARNAUTOVICI_ARNAUTOVICI|OSOJ1_200909[1]PAaD1","Parnautoviciarnautovici|OSOJ1_200909_1ID","PROASELLUS_ARNAUTOVICI_ARNAUTOVICI"
"16S;AM4;COI;28S","OSOJ2","40.951072","20.776433","PROASELLUS_GJORGJEVICI_LITORALIS|OSOJ2_200909","PROASELLUS_GJORGJEVICI_LITORALIS","PROASELLUS_GJORGJEVICI_LITORALIS|OSOJ2_200909[1]PGjO2","Pgjorgjevicilitoralis|OSOJ2_200909_2ID","PROASELLUS_GJORGJEVICI_LITORALIS"
"28S;COI;AM4;16S","OTOVEC","45.59231","15.1669","PROASELLUS_PARVULUS|OTOVEC_201009","PROASELLUS_PARVULUS","PROASELLUS_PARVULUS|OTOVEC_201009[1]PPrO1","Pparvulus|OTOVEC_201009_1ID","PROASELLUS_PARVULUS"
"28S;28S;AM4;COI;16S","OUEILNEE","43.15","-0.404722","STENASELLUS_SP|OUEILNEE_200811","STENASELLUS_SP","STENASELLUS_SP|OUEILNEE_200811[B]SspO2","Ssp|OUEILNEE_200811_2","STENASELLUS_VIREI"
"COI;16S;28S;AM4","OUEILNEE","43.15","-0.404722","PROASELLUS_AQUAECALIDAE|OUEILNEE_200811","PROASELLUS_AQUAECALIDAE","PROASELLUS_AQUAECALIDAE|OUEILNEE_200811[B]PSAO2","Paquaecalidae|OUEILNEE_200811_2","PROASELLUS_AQUAECALIDAE"
"28S;AM4;16S;28S;COI","OUEILNEE","43.15","-0.404722","STENASELLUS_SP|OUEILNEE_200811","STENASELLUS_SP","STENASELLUS_SP|OUEILNEE_200811[1]SspO1","Ssp|OUEILNEE_200811_1ID","STENASELLUS_VIREI"
"28S;16S;COI;AM4","OUVSARR","44.12495","4.9372","PROASELLUS_N_SP_VERCLAUSE|OUVSARR_201204","PROASELLUS_N_SP_VERCLAUSE","PROASELLUS_N_SP_VERCLAUSE|OUVSARR_201204[1]PspOu4","PnspVerclause|OUVSARR_201204_4ID","PROASELLUS_N_SP_VERCLAUSE"
"COI;AM4;28S;16S;16S;28S","OUVSARR","44.12495","4.9372","PROASELLUS_WALTERI|OUVSARR_201204","PROASELLUS_WALTERI","PROASELLUS_WALTERI|OUVSARR_201204[INCONNU]OUV455","Pwalteri|OUVSARR_201204_455","PROASELLUS_SYNASELLOIDES"
"16S;AM4;COI;28S","OUVVAISO","44.24374","5.04771","PROASELLUS_N_SP_VERCLAUSE|OUVVAISO_201204","PROASELLUS_N_SP_VERCLAUSE","PROASELLUS_N_SP_VERCLAUSE|OUVVAISO_201204[1]PspOu2","PnspVerclause|OUVAISO_201204_2ID","PROASELLUS_N_SP_VERCLAUSE"
"28S;COI;16S;AM4;AM4","PADIDEBA","44.85809","1.750474","PROASELLUS_MERIDIANUS|PADIDEBA_201011","PROASELLUS_MERIDIANUS","PROASELLUS_MERIDIANUS|PADIDEBA_201011[1]PMPd1","Pmeridianus|PADIDEBA_201011_1ID","PROASELLUS_MERIDIANUS"
"COI;16S;28S;AM4","PC33ZARO","35.139974","24.911726","PROASELLUS_SP1|PC33ZARO_201500","PROASELLUS_SP1","PROASELLUS_SP1|PC33ZARO_201500[INCONNU]PC33_1","Psp1|PC33ZARO_201500_1","PROASELLUS_COXALIS"
"AM4;28S;16S;COI","PC45KALA","38.01526","22.06113","PROASELLUS_SP2|PC45KALA_201500","PROASELLUS_SP2","PROASELLUS_SP2|PC45KALA_201500[INCONNU]PC45_1","Psp2|PC45KALA_201500_1","PROASELLUS_COXALIS"
"OPS1;16S;28S;28S;COI;OPS1;AM4;OPS2;OPS2","PEAUXCH","42.93861","-0.440278","PROASELLUS_AQUAECALIDAE|PEAUXCH_200811","PROASELLUS_AQUAECALIDAE","PROASELLUS_AQUAECALIDAE|PEAUXCH_200811[A]PSAP1","Paquaecalidae|PEAUXCH_200811_1","PROASELLUS_AQUAECALIDAE"
"28S;COI;16S;AM4","PELTUSU","40.727528","8.558683","PROASELLUS_RUFFOI_CF|PELTUSU_200905","PROASELLUS_RUFFOI_CF","PROASELLUS_RUFFOI_CF|PELTUSU_200905[1]PRfP1","PruffoiCF|PELTUSU_200905_1ID","PROASELLUS_RUFFOI_CF"
"28S;COI;COI;COI;OPS2;OPS2;AM4;16S;16S;AM4","PENDONES","43.13238","-5.24747","BRAGASELLUS_COMASI|PENDONES_200906","BRAGASELLUS_COMASI","BRAGASELLUS_COMASI|PENDONES_200906[1.]BCN1","Bcomasi|PENDONES_200906_1ID","BRAGASELLUS_COMASI"
"28S;28S;COI;AM4;16S","PENDONES","43.13238","-5.24747","SYNASELLUS_MEIJERSAE|PENDONES_200906","SYNASELLUS_MEIJERSAE","SYNASELLUS_MEIJERSAE|PENDONES_200906[1]SyMN1","SYmejersae|PENDONES_200906_1ID","SYNASELLUS_MEIJERSAE"
"OPS2;AM4;28S;16S;COI;OPS1","PERAL","37.0792","-2.1008","PROASELLUS_LAGARI_AFF|PERAL_200910","PROASELLUS_LAGARI_AFF","PROASELLUS_LAGARI_AFF|PERAL_200910[Bm]PLaP3","PlagariAFF|PERAL_200910_3","PROASELLUS_LAGARI_AFF"
"28S;16S;AM4;OPS2;AM4;OPS1;COI","PERAL","37.0792","-2.1008","PROASELLUS_LAGARI_AFF|PERAL_200910","PROASELLUS_LAGARI_AFF","PROASELLUS_LAGARI_AFF|PERAL_200910[1v]PLaP1","PlagariAFF|PERAL_200910_1ID","PROASELLUS_LAGARI_AFF"
"16S;28S;AM4;AM4;COI;28S;16S","PERPETUA","41.46251","1.39087","STENASELLUS_VIREI_VIREI|PERPETUA_200906","STENASELLUS_VIREI_VIREI","STENASELLUS_VIREI_VIREI|PERPETUA_200906[B*]SVVG1","Svireivirei|PERPETUA_200906_1FID","STENASELLUS_VIREI_VIREI"
"28S;16S;OPS2;OPS2;AM4;COI","PERPETUA","41.46251","1.39087","BRAGASELLUS_LAGARIOIDES|PERPETUA_200906","BRAGASELLUS_LAGARIOIDES","BRAGASELLUS_LAGARIOIDES|PERPETUA_200906[B.]BLG2","Blagarioides|PERPETUA_200906_2","BRAGASELLUS_LAGARIOIDES"
"OPS1;OPS1;28S;AM4;COI;16S;OPS2;28S","PIEZA","43.00429","-3.48502","PROASELLUS_MERIDIANUS|PIEZA_200906","PROASELLUS_MERIDIANUS","PROASELLUS_MERIDIANUS|PIEZA_200906[B]PMQ1","Pmeridianus|PIEZA_200906_1","PROASELLUS_MERIDIANUS"
"16S;28S;COI;AM4","PILAS","37.04646","-4.06266","PROASELLUS_COXALIS_AFF|PILAS_200910","PROASELLUS_COXALIS_AFF","PROASELLUS_COXALIS_AFF|PILAS_200910[B]PCoPi2","Paffcoxalis|PILAS_200910_2","PROASELLUS_GRANADENSIS"
"COI;28S;OPS2;16S;AM4","PILAS","37.04646","-4.06266","PROASELLUS_COXALIS_AFF|PILAS_200910","PROASELLUS_COXALIS_AFF","PROASELLUS_COXALIS_AFF|PILAS_200910[1]PCoPi1","Paffcoxalis|PILAS_200910_1ID","PROASELLUS_GRANADENSIS"
"28S;COI;COI;AM4;OPS2;OPS2;16S;COI","PIMMIT1","38.92917","-77.11806","CAECIDOTEA_KENKI|PIMMIT1_200902","CAECIDOTEA_KENKI","CAECIDOTEA_KENKI|PIMMIT1_200902[1]CKF2","CAEkenki|PIMMIT1_200902_2ID","CAECIDOTEA_KENKI"
"COI;16S;28S;AM4","PIMMIT2","38.92928","-77.11858","CAECIDOTEA_KENKI|PIMMIT2_201109","CAECIDOTEA_KENKI","CAECIDOTEA_KENKI|PIMMIT2_201109[SIL]CKA1","CAEkenki|PIMMIT2_201109_1","CAECIDOTEA_KENKI"
"COI;28S;AM4;16S;COI","PIVKAJAM","45.803611","14.205","PROASELLUS_ISTRIANUS|PIVKAJAM_201202","PROASELLUS_ISTRIANUS","PROASELLUS_ISTRIANUS|PIVKAJAM_201202[2]PIsP2","Pistrianus|PIVKAJAM_201202_2ID","PROASELLUS_ISTRIANUS"
"28S;AM4;16S;AM4;COI;COI","PLATSPRI","42.60002","18.23116","PROASELLUS_ANOPHTALMUS|PLATSPRI_201107","PROASELLUS_ANOPHTALMUS","PROASELLUS_ANOPHTALMUS|PLATSPRI_201107[2]PAnPl2","Panophtalmus|PLATSPRI_201107_2ID","PROASELLUS_ANOPHTALMUS"
"16S;COI;28S;AM4","POCODINU","40.486893","8.518949","PROASELLUS_RUFFOI|POCODINU_201504","PROASELLUS_RUFFOI","PROASELLUS_RUFFOI|POCODINU_201504[A2]PRfPo2","Pruffoi|POCODINU_201504_2ID","PROASELLUS_RUFFOI"
"AM4;COI;16S;28S","POCODINU","40.486893","8.518949","PROASELLUS_RUFFOI|POCODINU_201504","PROASELLUS_RUFFOI","PROASELLUS_RUFFOI|POCODINU_201504[A1]PRfPo1","Pruffoi|POCODINU_201504_1ID","PROASELLUS_RUFFOI"
"AM4;16S;OPS1;OPS1;28S;28S;COI","POSTLAKE","50.68643","-3.417741","PROASELLUS_MERIDIANUS|POSTLAKE_200912","PROASELLUS_MERIDIANUS","PROASELLUS_MERIDIANUS|POSTLAKE_200912[B]PMP2","Pmeridianus|POSTLAKE_200912_2","PROASELLUS_MERIDIANUS"
"16S;AM4;COI;OPS2;28S","POUCA","41.49062","-7.64903","BRAGASELLUS_CORTESI|POUCA_201010","BRAGASELLUS_CORTESI","BRAGASELLUS_CORTESI|POUCA_201010[B]BCoP2","Bcortesi|POUCA_201010_2","BRAGASELLUS_CORTESI"
"28S;16S;COI;AM4","POZZANOR","39.815626","19.842651","PROASELLUS_COXALIS|POZZANOR_201203","PROASELLUS_COXALIS","PROASELLUS_COXALIS|POZZANOR_201203[B1]PCoPz2","Pcoxalis|POZZANOR_201203_2","PROASELLUS_COXALIS"
"COI;AM4;28S;16S","PRADIELI","46.28929","13.26858","PROASELLUS_N_SP_PRADIELIS|PRADIELI_201405","PROASELLUS_N_SP_PRADIELIS","PROASELLUS_N_SP_PRADIELIS|PRADIELI_201405[B1]PspPr2","PnspPradielis|PRADIELI_201405_2","PROASELLUS_VULGARIS"
"16S;28S;AM4;28S;COI","PRADIELI","46.28929","13.26858","PROASELLUS_N_SP_PRADIELIS|PRADIELI_201405","PROASELLUS_N_SP_PRADIELIS","PROASELLUS_N_SP_PRADIELIS|PRADIELI_201405[A1]PspPr1","PnspPradielis|PRADIELI_201405_1ID","PROASELLUS_VULGARIS"
"AM4;COI;28S;16S","PRATIRO","45.834457","9.017671","ASELLUS_AQUATICUS|PRATIRO_201408","ASELLUS_AQUATICUS","ASELLUS_AQUATICUS|PRATIRO_201408[B1]AAP2","Aaquaticus|PRATIRO_201408_2","ASELLUS_AQUATICUS"
"AM4;COI;28S;16S","PRIBENIK","48.383607","22.002686","PROASELLUS_PRIBENICENSIS|PRIBENIK_201110","PROASELLUS_PRIBENICENSIS","PROASELLUS_PRIBENICENSIS|PRIBENIK_201110[1]PPbP1","Ppribenicensis|PRIBENIK_201110_1ID","PROASELLUS_PRIBENICENSIS"
"COI;AM4;AM4;16S;28S;28S","PROMILHA","43.805","2.918611","STENASELLUS_VIREI_VIREI|PROMILHA_200207","STENASELLUS_VIREI_VIREI","STENASELLUS_VIREI_VIREI|PROMILHA_200207[INCONNU]SspP1","Svireivirei|PROMILHA_000000_1","STENASELLUS_VIREI_VIREI"
"16S;AM4;COI;28S","PRVOVERZ","46.58587","16.16869","PROASELLUS_SLAVUS|PRVOVERZ_201009","PROASELLUS_SLAVUS","PROASELLUS_SLAVUS|PRVOVERZ_201009[B]PSlP1","Pslavus|PRVOVERZ_201009_1ID","PROASELLUS_SLAVUS"
"28S;AM4;COI;16S;28S","PTSUREAU","46.120803","0.104957","GALLASELLUS_SP_A|PTSUREAU_201403","GALLASELLUS_SP_A","GALLASELLUS_SP_A|PTSUREAU_201403[A1]GspPs1","GspA|PTSUREAU_201403_1ID","GALLASELLUS_HEILYI"
"16S;28S;COI;AM4","PUITD","46.08472","-0.925278","GALLASELLUS_HEILYI|PUITD_200912","GALLASELLUS_HEILYI","GALLASELLUS_HEILYI|PUITD_200912[1]GHT1","Gheyli|PUITD_200912_1ID","GALLASELLUS_HEILYI"
"28S;16S;16S;AM4;28S;28S;16S;COI","PUYRABIE","46.342441","0.382391","GALLASELLUS_N_SP_RABIER|PUYRABIE_201404","GALLASELLUS_N_SP_RABIER","GALLASELLUS_N_SP_RABIER|PUYRABIE_201404[A1]GspPu1","GnspRabier|PUYRABIE_201404_1ID","GALLASELLUS_N_SP_RABIER"
"28S;AM4;COI;16S","PYRGYRO","38.318146","20.565679","PROASELLUS_COXALIS|PYRGYRO_201303","PROASELLUS_COXALIS","PROASELLUS_COXALIS|PYRGYRO_201303[A1]PCoPy1","Pcoxalis|PYRGYRO_201303_1ID","PROASELLUS_COXALIS"
"COI;AM4;16S;28S","QATTINE","33.8757","35.7973","PROASELLUS_BARDAUNII|QATTINE_201010","PROASELLUS_BARDAUNII","PROASELLUS_BARDAUNII|QATTINE_201010[2]PBaH1","Pbardaunii|QATTINE_201010_1ID","PROASELLUS_BARDAUNII"
"AM4;16S;28S;COI","QUINQUE","46.41806","5.54","PROASELLUS_CAVATICUS|QUINQUE_200908","PROASELLUS_CAVATICUS","PROASELLUS_CAVATICUS|QUINQUE_200908[1]PCQ1","Pcavaticus|QUINQUE_200908_1ID","PROASELLUS_CAVATICUS"
"OPS2;28S;28S;16S;16S;COI;COI;COI;AM4;AM4;AM4;OPS1;OPS1;OPS2","QUINTANA","43.40031","-4.7712","PROASELLUS_OVIEDENSIS|QUINTANA_200906","PROASELLUS_OVIEDENSIS","PROASELLUS_OVIEDENSIS|QUINTANA_200906[I]POvP1","Poviedensis|QUINTANA_200906_1","PROASELLUS_OVIEDENSIS"
"AM4;COI;16S;28S;OPS1;OPS2;OPS2","RESCANO","43.29376","-3.69926","PROASELLUS_CANTABRICUS|RESCANO_200906","PROASELLUS_CANTABRICUS","PROASELLUS_CANTABRICUS|RESCANO_200906[1.]PCanR1","Pcantabricus|RESCANO_200906_1ID","PROASELLUS_CANTABRICUS"
"AM4;28S;28S;28S;COI;16S;16S;COI","RIBNICE","42.442575","19.268646","PROASELLUS_SP|RIBNICE_200609","PROASELLUS_SP","PROASELLUS_SP|RIBNICE_200609[1F]PspRi1","Psp|RIBNICE_200609_1FID","PROASELLUS_ANOPHTALMUS"
"AM4;COI;28S;16S","ROSNJA","46.48262","15.75602","PROASELLUS_DEMINUTUS|ROSNJA_201009","PROASELLUS_DEMINUTUS","PROASELLUS_DEMINUTUS|ROSNJA_201009[1]PDR1","Pdeminutus|ROSNJA_201009_1ID","PROASELLUS_DEMINUTUS"
"COI;16S;28S;AM4","ROSSFELD","48.3339","7.63116","PROASELLUS_WALTERI|ROSSFELD_200911","PROASELLUS_WALTERI","PROASELLUS_WALTERI|ROSSFELD_200911[1]PWRo1","Pwalteri|ROSSFELD_200911_1ID","PROASELLUS_WALTERI"
"28S;AM4;16S;COI","ROSSFELD","48.3339","7.63116","PROASELLUS_NOLLI|ROSSFELD_200911","PROASELLUS_NOLLI","PROASELLUS_NOLLI|ROSSFELD_200911[1]PNoKR1","Pnolli|ROSSFELD_200911_1ID","PROASELLUS_NOLLI"
"28S;16S;COI;COI;AM4","ROUMONTE","44.551923","4.747669","PROASELLUS_N_SP_MONTELIMAR|ROUMONTE_201205","PROASELLUS_N_SP_MONTELIMAR","PROASELLUS_N_SP_MONTELIMAR|ROUMONTE_201205[A2]PspRm2","PnspMontelimar|ROUMONTE_201205_2","PROASELLUS_N_SP_MONTELIMAR"
"COI;16S;AM4;28S","ROZAT","42.676","18.1367","PROASELLUS_ANOPHTALMUS_RHAUSINUS|ROZAT_201107","PROASELLUS_ANOPHTALMUS_RHAUSINUS","PROASELLUS_ANOPHTALMUS_RHAUSINUS|ROZAT_201107[1]PAnR1","Panophtalmusrhausinus|ROZAT_201107_1ID","PROASELLUS_ANOPHTALMUS_RHAUSINUS"
"COI;AM4;28S;COI;16S","RUDRON","42.7023","-3.91793","PROASELLUS_CANTABRICUS|RUDRON_201010","PROASELLUS_CANTABRICUS","PROASELLUS_CANTABRICUS|RUDRON_201010[B]PCanM2","Pcantabricus|RUDRON_201010_2","PROASELLUS_EBRENSIS"
"COI;AM4;OPS2;16S;28S","RUDRON","42.7023","-3.91793","PROASELLUS_CANTABRICUS|RUDRON_201010","PROASELLUS_CANTABRICUS","PROASELLUS_CANTABRICUS|RUDRON_201010[1]PCanM1","Pcantabricus|RUDRON_201010_1ID","PROASELLUS_EBRENSIS"
"16S;28S;COI;AM4","RUDRON","42.7023","-3.91793","BRAGASELLUS_LAGARIOIDES|RUDRON_201010","BRAGASELLUS_LAGARIOIDES","BRAGASELLUS_LAGARIOIDES|RUDRON_201010[1]BLR1","Blagarioides|RUDRON_201010_1ID","BRAGASELLUS_LAGARIOIDES"
"COI;16S;16S;COI;COI;AM4;28S","SABRE","43.368559","5.917965","PROASELLUS_SYNASELLOIDES|SABRE_201101","PROASELLUS_SYNASELLOIDES","PROASELLUS_SYNASELLOIDES|SABRE_201101[B]PSSa1","Psynaselloides|SABRE_201101_1","PROASELLUS_SYNASELLOIDES"
"AM4;16S;COI;28S","SAJA","43.12104","-4.2923","PROASELLUS_STOCKI_CF|SAJA_201010","PROASELLUS_STOCKI_CF","PROASELLUS_STOCKI_CF|SAJA_201010[B]PSkS2","PstockiCF|SAJA_201010_2","PROASELLUS_STOCKI_CF"
"28S;COI;16S;OPS2;AM4;AM4;OPS1;OPS1","SAJA","43.12104","-4.2923","PROASELLUS_STOCKI_CF|SAJA_201010","PROASELLUS_STOCKI_CF","PROASELLUS_STOCKI_CF|SAJA_201010[1]PSkS1","PstockiCF|SAJA_201010_1ID","PROASELLUS_STOCKI_CF"
"OPS2;COI;28S;AM4;OPS1;16S","SALAR","37.14075","-4.06587","PROASELLUS_ESCOLAI|SALAR_200910","PROASELLUS_ESCOLAI","PROASELLUS_ESCOLAI|SALAR_200910[1v]PEcS1","Pescolai|SALAR_200910_1ID","PROASELLUS_ESCOLAI"
"OPS1;OPS2;OPS2;16S;COI;28S;AM4","SALAR","37.14075","-4.06587","PROASELLUS_ESCOLAI|SALAR_200910","PROASELLUS_ESCOLAI","PROASELLUS_ESCOLAI|SALAR_200910[Bv]PEcS2","Pescolai|SALAR_200910_2","PROASELLUS_ESCOLAI"
"16S;28S;AM4;28S;COI","SANGUINI","44.252","6.77326","PROASELLUS_N_SP_SANGUINIERES|SANGUINI_200908","PROASELLUS_N_SP_SANGUINIERES","PROASELLUS_N_SP_SANGUINIERES|SANGUINI_200908[1]PspS1","PnspSanguinieres|SANGUINI_200908_1ID","PROASELLUS_N_SP_SANGUINIERES"
"COI;16S;28S;AM4;COI","SAUVEGAR","43.94056","3.95","PROASELLUS_CAVATICUS|SAUVEGAR_000000","PROASELLUS_CAVATICUS","PROASELLUS_CAVATICUS|SAUVEGAR_000000[INCONNU]PBS2_exPCS7","Pcavaticus|SAUVEGAR_000000_2PCS7","PROASELLUS_BOUI"
"16S;COI;28S;AM4","SAUVEGAR","43.94056","3.95","PROASELLUS_BOUI|SAUVEGAR_000000","PROASELLUS_BOUI","PROASELLUS_BOUI|SAUVEGAR_000000[Z]PBS1","Pboui|SAUVEGAR_000000_1ID","PROASELLUS_BOUI"
"OPS1;COI;COI;28S;28S;AM4;16S;OPS1","SAUVEGAR","43.94056","3.95","PROASELLUS_CAVATICUS|SAUVEGAR_000000","PROASELLUS_CAVATICUS","PROASELLUS_CAVATICUS|SAUVEGAR_000000[6]PCS10","Pcavaticus|SAUVEGAR_000000_10ID","PROASELLUS_CAVATICUS"
"16S;16S;28S;28S;COI;AM4;OPS1;OPS1","SCENOIRE","47.32083","6.439167","PROASELLUS_STROUHALI|SCENOIRE_200707","PROASELLUS_STROUHALI","PROASELLUS_STROUHALI|SCENOIRE_200707[C]PStN2","Pstrouhali|SCENOIRE_200707_2","PROASELLUS_STROUHALI"
"COI;AM4;16S;28S","SEJNANES","37.173487","9.447971","PROASELLUS_COXALIS|SEJNANES_200707","PROASELLUS_COXALIS","PROASELLUS_COXALIS|SEJNANES_200707[1]PCoSj1","Pcoxalis|SEJNANES_200707_1ID","PROASELLUS_COXALIS"
"AM4;28S;16S;COI","SIPANFON","42.18312","-0.2659","PROASELLUS_LESCHERAE_CF|SIPANFON_200906","PROASELLUS_LESCHERAE_CF","PROASELLUS_LESCHERAE_CF|SIPANFON_200906[B.]PLeF1","Plescherae|SIPANFON_200906_1","PROASELLUS_LESCHERAE"
"AM4;28S;28S;16S;28S;AM4;16S;COI","SNJETICA","43.29073","18.25061","PROASELLUS_ANOPHTALMUS_LONGISETUS|SNJETICA_201107","PROASELLUS_ANOPHTALMUS_LONGISETUS","PROASELLUS_ANOPHTALMUS_LONGISETUS|SNJETICA_201107[1]PAnSn1","Panophtalmuslongisetus|SNJETICA_201107_1ID","PROASELLUS_ANOPHTALMUS_LONGISETUS"
"16S;28S;COI;AM4","SOLENZA","41.8662","9.38766","STENASELLUS_RACOVITZAI|SOLENZA_200908","STENASELLUS_RACOVITZAI","STENASELLUS_RACOVITZAI|SOLENZA_200908[1]SRS1","Sracovitzai|SOLENZA_200908_1ID","STENASELLUS_RACOVITZAI"
"28S;AM4;16S;COI","SONNLEI","47.84972","13.32094","PROASELLUS_STROUHALI|SONNLEI_201009","PROASELLUS_STROUHALI","PROASELLUS_STROUHALI|SONNLEI_201009[B]PStMo1","Pstrouhali|SONNLEI_201009_1","PROASELLUS_STROUHALI"
"16S;AM4;AM4;28S;28S;COI;COI","SOPOCANI","43.11556","20.37042","PROASELLUS_ANOPHTALMUS_RASCICUS|SOPOCANI_201107","PROASELLUS_ANOPHTALMUS_RASCICUS","PROASELLUS_ANOPHTALMUS_RASCICUS|SOPOCANI_201107[1]PAnSo1","Panophtalmusrascicus|SOPOCANI_201107_1ID","PROASELLUS_ANOPHTALMUS_RASCICUS"
"AM4;COI;COI;16S;28S;28S","SOPOCANI","43.11556","20.37042","PROASELLUS_ANOPHTALMUS_RASCICUS|SOPOCANI_201107","PROASELLUS_ANOPHTALMUS_RASCICUS","PROASELLUS_ANOPHTALMUS_RASCICUS|SOPOCANI_201107[2]PAnSo2","Panophtalmusrascicus|SOPOCANI_201107_2ID","PROASELLUS_ANOPHTALMUS_RASCICUS"
"16S;OPS1;28S;AM4;OPS2;COI","SORBA","44.24783","9.47847","PROASELLUS_LIGUSTICUS|SORBA_200904","PROASELLUS_LIGUSTICUS","PROASELLUS_LIGUSTICUS|SORBA_200904[1]PLM1","Pligusticus|SORBA_200904_1ID","PROASELLUS_LIGUSTICUS"
"COI;AM4;16S;28S","SOSPEL","43.8931","7.42103","PROASELLUS_N_SP_SOSPEL|SOSPEL_200908","PROASELLUS_N_SP_SOSPEL","PROASELLUS_N_SP_SOSPEL|SOSPEL_200908[1]PspBS1","PnspSospel|SOSPEL_200908_1ID","PROASELLUS_N_SP_SOSPEL"
"16S;AM4;28S;COI;28S","SOSPEL","43.8931","7.42103","PROASELLUS_N_SP_SOSPEL|SOSPEL_200908","PROASELLUS_N_SP_SOSPEL","PROASELLUS_N_SP_SOSPEL|SOSPEL_200908[J]PspBS4","PnspSospel|SOSPEL_200908_4","PROASELLUS_N_SP_SOSPEL"
"16S;OPS1;28S;AM4;COI;OPS1;28S","SOUGEAL","48.511434","-1.506315","PROASELLUS_MERIDIANUS|SOUGEAL_000000","PROASELLUS_MERIDIANUS","PROASELLUS_MERIDIANUS|SOUGEAL_000000[B]PMS2","Pmeridianus|SOUGEAL_000000_2","PROASELLUS_MERIDIANUS"
"16S;AM4;28S;COI","SOURVALL","43.29985","-3.42018","STENASELLUS_VIREI_BUCHNERI|SOURVALL_200906","STENASELLUS_VIREI_BUCHNERI","STENASELLUS_VIREI_BUCHNERI|SOURVALL_200906[B]SVBR1","Svireibuchneri|SOURVALL_200906_1","STENASELLUS_VIREI_BUCHNERI"
"AM4;16S;COI;28S","SOURVALL","43.29985","-3.42018","PROASELLUS_GRAFI|SOURVALL_200906","PROASELLUS_GRAFI","PROASELLUS_GRAFI|SOURVALL_200906[B]PGCS1_PGS1","Pgrafi|SOURVALL_200906_1","PROASELLUS_GRAFI"
"28S;AM4;COI;16S","SPUZBOGI","42.481205","19.180705","PROASELLUS_N_SP_DLAJAM|SPUZBOGI_201107","PROASELLUS_N_SP_DLAJAM","PROASELLUS_N_SP_DLAJAM|SPUZBOGI_201107[2]PspDS2","PnspDlajam|SPUZBOGI_201107_2ID","PROASELLUS_N_SP_DLAJAM"
"28S;16S;COI;AM4","SPUZBOGI","42.481205","19.180705","PROASELLUS_N_SP_DLAJAM|SPUZBOGI_201107","PROASELLUS_N_SP_DLAJAM","PROASELLUS_N_SP_DLAJAM|SPUZBOGI_201107[1]PspDS1","PnspDlajam|SPUZBOGI_201107_1ID","PROASELLUS_N_SP_DLAJAM"
"AM4;16S;28S;COI","SPUZONCL","42.52751","19.21903","PROASELLUS_N_SP_SPUZ|SPUZONCL_201107","PROASELLUS_N_SP_SPUZ","PROASELLUS_N_SP_SPUZ|SPUZONCL_201107[2]PAnSz2","PnspSpuz|SPUZONCL_201107_2ID","PROASELLUS_N_SP_SPUZ"
"16S;AM4;28S;COI","SPUZONCL","42.52751","19.21903","PROASELLUS_N_SP_SPUZ|SPUZONCL_201107","PROASELLUS_N_SP_SPUZ","PROASELLUS_N_SP_SPUZ|SPUZONCL_201107[1]PAnSz1","PnspSpuz|SPUZONCL_201107_1ID","PROASELLUS_N_SP_SPUZ"
"16S;COI;28S;AM4","SPUZSPRI","42.51107","19.19921","PROASELLUS_ANOPHTALMUS|SPUZSPRI_201107","PROASELLUS_ANOPHTALMUS","PROASELLUS_ANOPHTALMUS|SPUZSPRI_201107[2]PAnSp2","Panophtalmus|SPUZSPRI_201107_2ID","PROASELLUS_ANOPHTALMUS"
"AM4;28S;COI;COI;16S","STENSAN","56.428","12.873","PROASELLUS_BANYULENSIS_BANYULENSIS|STENSAN_200811","PROASELLUS_BANYULENSIS_BANYULENSIS","PROASELLUS_BANYULENSIS_BANYULENSIS|STENSAN_200811[1]PCoSt2","Pcoxalis|STENSAN_200811_2ID","PROASELLUS_COXALIS"
"OPS1;16S;AM4;28S;COI;OPS2","STEPAN2","45.55225","13.85515","PROASELLUS_ISTRIANUS|STEPAN2_201009","PROASELLUS_ISTRIANUS","PROASELLUS_ISTRIANUS|STEPAN2_201009[1]PIsS2","Pistrianus|STEPAN2_201009_2ID","PROASELLUS_ISTRIANUS"
"28S;AM4;16S;28S;COI;OPS1;OPS1","STEREINE","48.64528","5.941944","PROASELLUS_CAVATICUS|STEREINE_200807","PROASELLUS_CAVATICUS","PROASELLUS_CAVATICUS|STEREINE_200807[1]PCR1","Pcavaticus|STEREINE_200807_1ID","PROASELLUS_CAVATICUS"
"AM4;16S;COI;28S","STERPO","45.90291","13.04147","PROASELLUS_PAVANI|STERPO_201008","PROASELLUS_PAVANI","PROASELLUS_PAVANI|STERPO_201008[B]PPvS3","Ppavani|STERPO_201008_3","PROASELLUS_PAVANI"
"16S;COI;28S;AM4","STERPO","45.90291","13.04147","PROASELLUS_PAVANI|STERPO_201008","PROASELLUS_PAVANI","PROASELLUS_PAVANI|STERPO_201008[1]PPvS1","Ppavani|STERPO_201008_1ID","PROASELLUS_PAVANI"
"AM4;16S;COI;28S","STMART2","44.08318","7.24472","PROASELLUS_N_SP_BOREON|STMART2_200904","PROASELLUS_N_SP_BOREON","PROASELLUS_N_SP_BOREON|STMART2_200904[F]IspM1","PnspBoreon|STMART2_200904_1","PROASELLUS_N_SP_BOREON"
"28S;AM4;16S;COI","STORARDA","44.806775","9.819051","PROASELLUS_INTERMEDIUS_AFF|STORARDA_201504","PROASELLUS_INTERMEDIUS_AFF","PROASELLUS_INTERMEDIUS_AFF|STORARDA_201504[A2]PIS2","PintermediusAFF|STORARDA_201504_2ID","PROASELLUS_INTERMEDIUS_AFF"
"COI;28S;AM4;16S;COI","STORARDA","44.806775","9.819051","PROASELLUS_N_SP_ARDA|STORARDA_201504","PROASELLUS_N_SP_ARDA","PROASELLUS_N_SP_ARDA|STORARDA_201504[F1]PspAS2","PnspArda|STORARDA_201504_2","PROASELLUS_N_SP_ARDA"
"28S;16S;AM4;COI","STORARDA","44.806775","9.819051","PROASELLUS_INTERMEDIUS_AFF|STORARDA_201504","PROASELLUS_INTERMEDIUS_AFF","PROASELLUS_INTERMEDIUS_AFF|STORARDA_201504[A1]PIS1","PintermediusAFF|STORARDA_201504_1ID","PROASELLUS_INTERMEDIUS_AFF"
"16S;28S;COI;COI;AM4","STORARDA","44.806775","9.819051","PROASELLUS_N_SP_ARDA|STORARDA_201504","PROASELLUS_N_SP_ARDA","PROASELLUS_N_SP_ARDA|STORARDA_201504[B1]PspAS1","PnspArda|STORARDA_201504_1","PROASELLUS_N_SP_ARDA"
"COI;28S;AM4;16S;AM4","STUDENCI","43.180176","17.607544","PROASELLUS_ANOPHTALMUS|STUDENCI_201404","PROASELLUS_ANOPHTALMUS","PROASELLUS_ANOPHTALMUS|STUDENCI_201404[A1]PAnSt1","Panophtalmus|STUDENCI_201404_1ID","PROASELLUS_ANOPHTALMUS"
"16S;28S;AM4;COI","STYLOSS2","35.434077","24.125927","PROASELLUS_N_SP_STYLOSS2|STYLOSS2_201610","PROASELLUS_N_SP_STYLOSS2","PROASELLUS_N_SP_STYLOSS2|STYLOSS2_201610[B1]PCoSy1","Psp|STYLOSS2_201610_1","PROASELLUS_COXALIS"
"AM4;28S;COI;16S","STYLOSS2","35.434077","24.125927","PROASELLUS_N_SP_STYLOSS2|STYLOSS2_201610","PROASELLUS_N_SP_STYLOSS2","PROASELLUS_N_SP_STYLOSS2|STYLOSS2_201610[B3]PCoSy3","Psp|STYLOSS2_201610_3","PROASELLUS_COXALIS"
"16S;COI;AM4;28S;28S","SUMIDORS","38.88048","-0.68871","BRAGASELLUS_LAGARI|SUMIDORS_200910","BRAGASELLUS_LAGARI","BRAGASELLUS_LAGARI|SUMIDORS_200910[1']BLaS1","Blagari|SUMIDORS_200910_1ID","BRAGASELLUS_LAGARI"
"28S;AM4;AM4;16S;COI","TALIMA","39.987799","-8.384642","PROASELLUS_SP|TALIMA_200901","PROASELLUS_SP","PROASELLUS_SP|TALIMA_200901[1F]PspTa1","Psp|TALIMA_200901_1FID","PROASELLUS_LUSITANICUS"
"COI;28S;AM4;16S","TENDEAV","44.072835","7.596726","PROASELLUS_N_SP_TENDE|TENDEAV_201108","PROASELLUS_N_SP_TENDE","PROASELLUS_N_SP_TENDE|TENDEAV_201108[1]PspT1","PnspTende|TENDEAV_201108_1ID","PROASELLUS_N_SP_TENDE"
"28S;16S;AM4;COI;COI","THEOULE","43.26361","5.959722","PROASELLUS_SYNASELLOIDES|THEOULE_200810","PROASELLUS_SYNASELLOIDES","PROASELLUS_SYNASELLOIDES|THEOULE_200810[1]PSFT2","Psynaselloides|THEOULE_200810_2ID","PROASELLUS_SYNASELLOIDES"
"16S;AM4;28S;COI","TOJOS","43.15919","-4.25163","SYNASELLUS_N_SP_TOJOS|TOJOS_201010","SYNASELLUS_N_SP_TOJOS","SYNASELLUS_N_SP_TOJOS|TOJOS_201010[B]SyspT2","SYnspTojos|TOJOS_201010_2","SYNASELLUS_N_SP_TOJOS"
"28S;AM4;16S;COI;28S","TOJOS","43.15919","-4.25163","STENASELLUS_VIREI_BUCHNERI|TOJOS_201010","STENASELLUS_VIREI_BUCHNERI","STENASELLUS_VIREI_BUCHNERI|TOJOS_201010[1]SVBT1","Svireibuchneri|TOJOS_201010_1ID","STENASELLUS_VIREI_BUCHNERI"
"COI;16S;28S;AM4","TOJOS","43.15919","-4.25163","SYNASELLUS_N_SP_TOJOS|TOJOS_201010","SYNASELLUS_N_SP_TOJOS","SYNASELLUS_N_SP_TOJOS|TOJOS_201010[1]SyspT1","SYnspTojos|TOJOS_201010_1ID","SYNASELLUS_N_SP_TOJOS"
"COI;16S;28S;AM4","TORRACA","43.882054","7.433185","PROASELLUS_N_SP_MAGLIA|TORRACA_201409","PROASELLUS_N_SP_MAGLIA","PROASELLUS_N_SP_MAGLIA|TORRACA_201409[A1]PspTm1","PnspMaglia|TORRACA_201409_1ID","PROASELLUS_N_SP_MAGLIA"
"AM4;28S;COI;16S","TORRACA","43.882054","7.433185","PROASELLUS_N_SP_MAGLIA|TORRACA_201409","PROASELLUS_N_SP_MAGLIA","PROASELLUS_N_SP_MAGLIA|TORRACA_201409[F1]PspTm2","PnspMaglia|TORRACA_201409_2","PROASELLUS_N_SP_MAGLIA"
"AM4;16S;COI;28S","TREBICGR","45.685327","13.833536","ASELLUS_KOSSWIGI|TREBICGR_200001","ASELLUS_KOSSWIGI","ASELLUS_KOSSWIGI|TREBICGR_200001[A2]AKT2","Akosswigi|TREBICGR_200001_2","ASELLUS_KOSSWIGI"
"28S;AM4;16S;OPS1;OPS1;28S;COI;16S","TRICHONI","38.602777","21.556388","PROASELLUS_COXALIS|TRICHONI_200404","PROASELLUS_COXALIS","PROASELLUS_COXALIS|TRICHONI_200404[1]PCoPa1","Pcoxalis|TRICHONI_200404_1ID","PROASELLUS_COXALIS"
"AM4;COI;COI;16S;28S","TRICHONI","38.602777","21.556388","PROASELLUS_MONODI|TRICHONI_200404","PROASELLUS_MONODI","PROASELLUS_MONODI|TRICHONI_200404[1]PMoTr1","Pmonodi|TRICHONI_200404_1ID","PROASELLUS_MONODI"
"AM4;COI;COI;COI;28S;16S","TRILLO","40.69067","-2.58333","BRAGASELLUS_LAGARI|TRILLO_200910","BRAGASELLUS_LAGARI","BRAGASELLUS_LAGARI|TRILLO_200910[1]BLaT1","Blagari|TRILLO_200910_1ID","BRAGASELLUS_LAGARI"
"28S;COI;AM4;16S;AM4;28S","TRILLO","40.69067","-2.58333","STENASELLUS_VIREI_VIREI|TRILLO_200910","STENASELLUS_VIREI_VIREI","STENASELLUS_VIREI_VIREI|TRILLO_200910[2v]SVVT1","Svireivirei|TRILLO_200910_1ID","STENASELLUS_VIREI_VIREI"
"28S;AM4;COI;16S","TRPEJCA","40.96057","20.782891","PROASELLUS_ARNAUTOVICI_ARNAUTOVICI|TRPEJCA_200909","PROASELLUS_ARNAUTOVICI_ARNAUTOVICI","PROASELLUS_ARNAUTOVICI_ARNAUTOVICI|TRPEJCA_200909[1]PAaT1","Parnautoviciarnautovici|TRPEJCA_200909_1ID","PROASELLUS_ARNAUTOVICI_ARNAUTOVICI"
"COI;AM4;OPS2;OPS2;16S;OPS1;28S;28S","TURON","36.78994","-4.94127","PROASELLUS_BELLESI|TURON_200910","PROASELLUS_BELLESI","PROASELLUS_BELLESI|TURON_200910[1v]PBlT1","Pbellesi|TURON_200910_1ID","PROASELLUS_BELLESI"
"AM4;OPS1;OPS1;OPS2;COI;28S;16S","UBAO","43.00262","-2.40459","PROASELLUS_GUIPUZCOENSIS|UBAO_200906","PROASELLUS_GUIPUZCOENSIS","PROASELLUS_GUIPUZCOENSIS|UBAO_200906[B.]PGuU2","Pguipuzcoensis|UBAO_200906_2","PROASELLUS_GUIPUZCOENSIS"
"16S;COI;28S;28S;OPS1;OPS1;OPS2;AM4;AM4","UBAO","43.00262","-2.40459","PROASELLUS_GUIPUZCOENSIS|UBAO_200906","PROASELLUS_GUIPUZCOENSIS","PROASELLUS_GUIPUZCOENSIS|UBAO_200906[1.]PGuU1","Pguipuzcoensis|UBAO_200906_1ID","PROASELLUS_GUIPUZCOENSIS"
"16S;COI;COI;28S;28S;AM4;AM4","USTJE","45.864355","13.871591","PROASELLUS_SP|USTJE_201211","PROASELLUS_SP","PROASELLUS_SP|USTJE_201211[L]PspU1","Psp|USTJE_201211_1","PROASELLUS_ISTRIANUS"
"AM4;28S;28S;16S;COI","UTHURRIA","43.233861","-0.917346","PROASELLUS_VANDELI|UTHURRIA_201005","PROASELLUS_VANDELI","PROASELLUS_VANDELI|UTHURRIA_201005[2]PVaU1","Pvandeli|UTHURRIA_201005_1ID","PROASELLUS_VANDELI"
"COI;16S;AM4;OPS2;OPS2;28S","VALPORQU","42.90665","-5.56286","BRAGASELLUS_MOLINAI|VALPORQU_201010","BRAGASELLUS_MOLINAI","BRAGASELLUS_MOLINAI|VALPORQU_201010[1]BMoV1","Bmolinai|VALPORQU_201010_1ID","BRAGASELLUS_MOLINAI"
"AM4;16S;COI;28S","VALPORQU","42.90665","-5.56286","BRAGASELLUS_MOLINAI|VALPORQU_201010","BRAGASELLUS_MOLINAI","BRAGASELLUS_MOLINAI|VALPORQU_201010[B]BMoV3","Bmolinai|VALPORQU_201010_3","BRAGASELLUS_MOLINAI"
"16S;28S;AM4;COI","VARSOURC","44.238335","6.751532","PROASELLUS_SYNASELLOIDES|VARSOURC_201410","PROASELLUS_SYNASELLOIDES","PROASELLUS_SYNASELLOIDES|VARSOURC_201410[A1]PSVs1","Psynaselloides|VARSOURCE_201410_1","PROASELLUS_SYNASELLOIDES"
"28S;COI;AM4;16S;16S","VAUCLUS","43.91861","5.131944","PROASELLUS_SYNASELLOIDES|VAUCLUS_200703","PROASELLUS_SYNASELLOIDES","PROASELLUS_SYNASELLOIDES|VAUCLUS_200703[B]PSFV2","Psynaselloides|VAUCLUS_200703_2","PROASELLUS_N_SP_VERCLAUSE"
"OPS2;AM4;COI;16S;28S","VELEZ","36.85189","-4.13523","PROASELLUS_COMASI|VELEZ_200910","PROASELLUS_COMASI","PROASELLUS_COMASI|VELEZ_200910[B]PCmV1","Pcomasi|VELEZ_200910_1","PROASELLUS_COMASI"
"COI;16S;16S;AM4;28S","VELIDAB","41.007464","20.755653","PROASELLUS_ARNAUTOVICI_ARNAUTOVICI|VELIDAB_200909","PROASELLUS_ARNAUTOVICI_ARNAUTOVICI","PROASELLUS_ARNAUTOVICI_ARNAUTOVICI|VELIDAB_200909[1]PAaV1","Parnautoviciarnautovici|VELIDAB_200909_1ID","PROASELLUS_ARNAUTOVICI_ARNAUTOVICI"
"AM4;COI;28S;16S","VERCLAUS","44.38028","5.4259","PROASELLUS_N_SP_VERCLAUSE|VERCLAUS_201002","PROASELLUS_N_SP_VERCLAUSE","PROASELLUS_N_SP_VERCLAUSE|VERCLAUS_201002[1]PspE1","PnspVerclause|VERCLAUS_201002_1ID","PROASELLUS_N_SP_VERCLAUSE"
"COI;28S;28S;AM4;16S;AM4","VIELVIC","44.40788","3.94862","PROASELLUS_WALTERI|VIELVIC_201407","PROASELLUS_WALTERI","PROASELLUS_WALTERI|VIELVIC_201407[AJ1]A2","Pwalteri|VIELVIC_201407_A2ID","PROASELLUS_WALTERI"
"COI;28S;16S;AM4","VINCENT","44.45945","1.29973","PROASELLUS_CLAUDEI|VINCENT_201011","PROASELLUS_CLAUDEI","PROASELLUS_CLAUDEI|VINCENT_201011[1]PClV1","Pclaudei|VINCENT_201011_1ID","PROASELLUS_CLAUDEI"
"COI;16S;AM4;28S","VINCENT","44.45945","1.29973","PROASELLUS_CLAUDEI|VINCENT_201011","PROASELLUS_CLAUDEI","PROASELLUS_CLAUDEI|VINCENT_201011[B]PClV2","Pclaudei|VINCENT_201011_2","PROASELLUS_CLAUDEI"
"COI;16S;28S;AM4;AM4","VIOLETTE","45.93667","5.531667","PROASELLUS_SYNASELLOIDES|VIOLETTE_200707","PROASELLUS_SYNASELLOIDES","PROASELLUS_SYNASELLOIDES|VIOLETTE_200707[10]PSV1","Psynaselloides|VIOLETTE_200707_1ID","PROASELLUS_SYNASELLOIDES"
"28S;AM4;COI;16S","VOPICINA","45.701729","13.794054","PROASELLUS_BANYULENSIS_TERGESTINUS|VOPICINA_201504","PROASELLUS_BANYULENSIS_TERGESTINUS","PROASELLUS_BANYULENSIS_TERGESTINUS|VOPICINA_201504[B1]PCoVo1","Pbanyulensis_tergestinus|VOPICINA_201504_1","PROASELLUS_BANYULENSIS_TERGESTINUS"
"16S;28S;28S;COI;16S;AM4;COI","YUSOREIN","43.0215","-4.86578","BRAGASELLUS_ESCOLAI|YUSOREIN_200906","BRAGASELLUS_ESCOLAI","BRAGASELLUS_ESCOLAI|YUSOREIN_200906[I3]BEY3","Bescolai|YUSOREIN_200906_3","SYNASELLUS_SP_YUSO"
"COI;AM4;16S;28S;28S;OPS2;OPS2","YUSOREIN","43.0215","-4.86578","BRAGASELLUS_ESCOLAI|YUSOREIN_200906","BRAGASELLUS_ESCOLAI","BRAGASELLUS_ESCOLAI|YUSOREIN_200906[1.]BEY1","Bescolai|YUSOREIN_200906_1ID","BRAGASELLUS_ESCOLAI"
"AM4;28S;16S;COI;COI;16S","YUSOREIN","43.0215","-4.86578","SYNASELLUS_BRAGAIANUS|YUSOREIN_200906","SYNASELLUS_BRAGAIANUS","SYNASELLUS_BRAGAIANUS|YUSOREIN_200906[B.]SyBY1","SYbragaianus|YUSOREIN_200906_1","SYNASELLUS_BRAGAIANUS"
"16S;COI;28S;AM4","ZALOSCE","45.88808","13.74331","PROASELLUS_INTERMEDIUS_MERIDIONALIS|ZALOSCE_201008","PROASELLUS_INTERMEDIUS_MERIDIONALIS","PROASELLUS_INTERMEDIUS_MERIDIONALIS|ZALOSCE_201008[B]PIZ3","Pintermediusmeridionalis|ZALOSCE_201008_3","PROASELLUS_INTERMEDIUS_MERIDIONALIS"
